"company_name","investor_name","round","announced_date","source","as_of"
"Clay","Bessemer Venture Partners","Other Investors","","CB Insights","2026-09-09"
"Clay","Sequoia Capital","Series A","2019-01-01","CB Insights","2026-09-09"
"Clay","Sequoia Capital","Series B","2024-01-01","CB Insights","2026-09-09"
"Clay","Sequoia Capital","Series B - II","2025-01-21","CB Insights","2026-09-09"
"Clay","Meritech Capital Partners","Series B","2024-06-27","CB Insights","2026-09-09"
"Clay","Meritech Capital Partners","Series B - II","2025-06-13","CB Insights","2026-09-09"
"Clay","Meritech Capital Partners","Series C","2025-06-13","CB Insights","2026-09-09"
"Clay","First Round Capital","Seed VC","2017-07-07","CB Insights","2026-09-09"
"Clay","First Round Capital","Series A","2019-01-01","CB Insights","2026-09-09"
"Clay","First Round Capital","Series B","2024-01-01","CB Insights","2026-09-09"
"Clay","First Round Capital","Series B - II","2025-06-13","CB Insights","2026-09-09"
"Clay","First Round Capital","Series C","2025-06-13","CB Insights","2026-09-09"
"Clay","Lux Capital","Other Investors","","CB Insights","2026-09-09"
"Clay","DST Global","Secondary Market","2026-01-28","CB Insights","2026-09-09"
"Clay","Wellington Management","Funding - Pending","2026-08-31","CB Insights","2026-09-09"
"Clay","Sunflower Capital","Other Investors","","CB Insights","2026-09-09"
"Clay","Sapphire Ventures","Series C","2025-06-13","CB Insights","2026-09-09"
"Clay","Boldstart Ventures","Series A","2019-01-01","CB Insights","2026-09-09"
"Clay","Boldstart Ventures","Series B","2024-01-01","CB Insights","2026-09-09"
"Clay","Boldstart Ventures","Series B - II","2025-06-13","CB Insights","2026-09-09"
"Clay","Boldstart Ventures","Series C","2025-06-13","CB Insights","2026-09-09"
"Clay","Shishir Mehrotra","Secondary Market","2026-01-28","CB Insights","2026-09-09"
"Clay","BoxGroup","Seed VC","2017-07-07","CB Insights","2026-09-09"
"Clay","BoxGroup","Series A","2019-01-01","CB Insights","2026-09-09"
"Clay","BoxGroup","Series B","2024-01-01","CB Insights","2026-09-09"
"Clay","BoxGroup","Series B - II","2025-06-13","CB Insights","2026-09-09"
"Clay","BoxGroup","Series C","2025-06-13","CB Insights","2026-09-09"
"Clay","Frontline Ventures","Secondary Market","2026-01-28","CB Insights","2026-09-09"
"Clay","CapitalG","Series C","2025-06-13","CB Insights","2026-09-09"
"Clay","CSC Upshot Ventures","Seed VC","2017-07-07","CB Insights","2026-09-09"
"Clay","Abstract","Seed VC","2017-07-07","CB Insights","2026-09-09"
"Clay","Founder Institute","Other Investors","","CB Insights","2026-09-09"
"Clay","HubSpot Ventures","Other Investors","","CB Insights","2026-09-09"
"Clay","Sequoia Capital","Series C","2025-06-13","CB Insights","2026-09-09"
"Clay","Maple VC","Seed VC","2017-07-07","CB Insights","2026-09-09"
"Clay","Maple VC","Series B","2024-06-27","CB Insights","2026-09-09"
"Clay","Operator Collective","Secondary Market","2026-01-28","CB Insights","2026-09-09"
"Clay","Lenny Rachitsky","Secondary Market","2026-01-28","CB Insights","2026-09-09"
"Clay","Claire Hughes Johnson","Secondary Market","2026-01-28","CB Insights","2026-09-09"
"Clay","MKT1","Other Investors","","CB Insights","2026-09-09"
"Clay","Conviction Partners","Secondary Market","2026-01-28","CB Insights","2026-09-09"
"Clay","Founder Institute 50 LatAm","Other Investors","","CB Insights","2026-09-09"
"Clay","Ambush Capital","Other Investors","","CB Insights","2026-09-09"
"Clay","Avra","Other Investors","","CB Insights","2026-09-09"
"Clay","Avra","Secondary Market","2026-01-28","CB Insights","2026-09-09"
"Clay","Founder Institute Malaysia Core Accelerator Program","Other Investors","","CB Insights","2026-09-09"
"Clay","Park Rangers Capital","Other Investors","","CB Insights","2026-09-09"
"Clay","Founder Institute Waterloo","Other Investors","","CB Insights","2026-09-09"
"Clay","Sheila Joglekar Vashee","Secondary Market","2026-01-28","CB Insights","2026-09-09"
"Clay","Bridgespan VC","Other Investors","","CB Insights","2026-09-09"
"Clay","Founder Institute Silicon Valley Program","Other Investors","","CB Insights","2026-09-09"
"Cleveland Diagnostics","Novo Holdings","Series E","2024-01-17","CB Insights","2026-09-09"
"Cleveland Diagnostics","LYFE Capital","Series D","2021-02-09","CB Insights","2026-09-09"
"Cleveland Diagnostics","LYFE Capital","Series E - II","2025-10-20","CB Insights","2026-09-09"
"Cleveland Diagnostics","Paycheck Protection Program","Loan","2020-04-07","CB Insights","2026-09-09"
"Cleveland Diagnostics","Novo Growth","Other Investors","","CB Insights","2026-09-09"
"Cleveland Diagnostics","Cleveland Clinic Ventures","Series D","2021-02-09","CB Insights","2026-09-09"
"Cleveland Diagnostics","Cleveland Clinic Ventures","Series E - II","2025-10-20","CB Insights","2026-09-09"
"Cleveland Diagnostics","Serial Stage Venture Partners","Other Investors","","CB Insights","2026-09-09"
"Cleveland Diagnostics","Symbiotic Capital","Line of Credit","2024-01-17","CB Insights","2026-09-09"
"Cleveland Diagnostics","JobsOhio Ventures","Other Investors","","CB Insights","2026-09-09"
"Cleveland Diagnostics","Cleveland Clinic Quantum Innovation Catalyzer Program","Other Investors","","CB Insights","2026-09-09"
"Cleveland Diagnostics","Nottingham Un Ventures","Other Investors","","CB Insights","2026-09-09"
"ColibriTD","Earlybird Venture","Seed VC","2023-09-14","CB Insights","2026-09-09"
"ColibriTD","Starburst Aerospace Accelerator","Other Investors","","CB Insights","2026-09-09"
"ColibriTD","Atos Scaler Accelerator","Incubator/Accelerator","2022-07-14","CB Insights","2026-09-09"
"ColibriTD","EarlyBird","Seed VC - II","2026-08-27","CB Insights","2026-09-09"
"ColibriTD","SymbiaVC","Seed VC - II","2026-08-27","CB Insights","2026-09-09"
"ColibriTD","Vision Lab","Other Investors","","CB Insights","2026-09-09"
"ColibriTD","SEAL SQ","Corporate Minority","2025-02-11","CB Insights","2026-09-09"
"ColibriTD","Medin Fund Management","Seed VC - II","2026-08-27","CB Insights","2026-09-09"
"Cytokinetics","Mayfield","Series A","1998-04-20","CB Insights","2026-09-09"
"Cytokinetics","Mayfield","Series B","1999-01-01","CB Insights","2026-09-09"
"Cytokinetics","Mayfield","Series C","2000-01-01","CB Insights","2026-09-09"
"Cytokinetics","Mayfield","Unattributed VC","2003-04-07","CB Insights","2026-09-09"
"Cytokinetics","Cercano Management","Series B","1999-08-09","CB Insights","2026-09-09"
"Cytokinetics","Cercano Management","Series C","2000-01-01","CB Insights","2026-09-09"
"Cytokinetics","Cercano Management","Unattributed VC","2003-04-07","CB Insights","2026-09-09"
"Cytokinetics","HBM Healthcare Investments","Unattributed VC","2003-04-07","CB Insights","2026-09-09"
"Cytokinetics","Alta Partners","Series C","2000-11-06","CB Insights","2026-09-09"
"Cytokinetics","Alta Partners","Unattributed VC","2003-04-07","CB Insights","2026-09-09"
"Cytokinetics","Sevin Rosen Funds","Series A","1998-04-20","CB Insights","2026-09-09"
"Cytokinetics","Sevin Rosen Funds","Series B","1999-01-01","CB Insights","2026-09-09"
"Cytokinetics","Sevin Rosen Funds","Series C","2000-01-01","CB Insights","2026-09-09"
"Cytokinetics","Sevin Rosen Funds","Unattributed VC","2003-04-07","CB Insights","2026-09-09"
"Cytokinetics","GSK","Unattributed VC","2003-04-07","CB Insights","2026-09-09"
"Cytokinetics","Red Abbey Venture Partners","PIPE","2006-01-23","CB Insights","2026-09-09"
"Cytokinetics","Mizuho Capital","Unattributed VC","2003-04-07","CB Insights","2026-09-09"
"Cytokinetics","CS First Boston","Series C","2000-11-06","CB Insights","2026-09-09"
"Cytokinetics","CS First Boston","Unattributed VC","2003-04-07","CB Insights","2026-09-09"
"Cytokinetics","LODH Private Equity Partners","Series C","2000-11-06","CB Insights","2026-09-09"
"Cytokinetics","Federated Investors","PIPE","2006-01-23","CB Insights","2026-09-09"
"Cytokinetics","DUMAC","Series B","1999-08-09","CB Insights","2026-09-09"
"Cytokinetics","HBM Partners","Unattributed VC","2003-04-07","CB Insights","2026-09-09"
"Cytokinetics","International Biomedicine Management Partners","Series B","1999-08-09","CB Insights","2026-09-09"
"Cytokinetics","International Biomedicine Management Partners","Unattributed VC","2003-04-07","CB Insights","2026-09-09"
"Cytokinetics","NMT Management AG - New Medical Technologies","Series B","1999-08-09","CB Insights","2026-09-09"
"Cytokinetics","PRM Ventures","Unattributed VC","2003-04-07","CB Insights","2026-09-09"
"Cytokinetics","Federated Equity Funds - Federated Kaufmann Fund","PIPE","2006-01-23","CB Insights","2026-09-09"
"Emergence","Learn Capital","Unattributed VC","2024-06-24","CB Insights","2026-09-09"
"Emergence","Learn Capital","Line of Credit","2024-06-24","CB Insights","2026-09-09"
"Emergence","e&","Other Investors","","CB Insights","2026-09-09"
"Emergence","J12","Other Investors","","CB Insights","2026-09-09"
"Emergence","Nimble Partners","Other Investors","","CB Insights","2026-09-09"
"Emergence","Russell AI Labs","Corporate Minority","2025-09-24","CB Insights","2026-09-09"
"Empirik","Sequoia Capital","Seed VC","2026-09-01","CB Insights","2026-09-09"
"Empirik","Alumni Ventures","Seed VC","2026-09-01","CB Insights","2026-09-09"
"Empirik","Section 32","Seed VC","2026-09-01","CB Insights","2026-09-09"
"Empirik","Canapi","Seed VC","2026-09-01","CB Insights","2026-09-09"
"Faro","Bessemer Venture Partners","Other Investors","","CB Insights","2026-09-09"
"Faro","General Catalyst","Series A - II","2023-02-08","CB Insights","2026-09-09"
"Faro","General Catalyst","Series B","2026-08-26","CB Insights","2026-09-09"
"Faro","Polaris Partners","Series A","2021-06-09","CB Insights","2026-09-09"
"Faro","Polaris Partners","Series A - II","2023-01-01","CB Insights","2026-09-09"
"Faro","Polaris Partners","Series B","2026-08-26","CB Insights","2026-09-09"
"Faro","MSD Global Health Innovation Fund","Series B","2026-08-26","CB Insights","2026-09-09"
"Faro","Zetta Venture Partners","Series A","2021-06-09","CB Insights","2026-09-09"
"Faro","Zetta Venture Partners","Series A - II","2023-01-01","CB Insights","2026-09-09"
"Faro","Zetta Venture Partners","Series B","2026-08-26","CB Insights","2026-09-09"
"Faro","Section 32","Series A","2021-06-09","CB Insights","2026-09-09"
"Faro","Section 32","Series A - II","2023-01-01","CB Insights","2026-09-09"
"Faro","Section 32","Series B","2026-08-26","CB Insights","2026-09-09"
"Faro","Ankona Capital","Series B","2026-08-26","CB Insights","2026-09-09"
"Faro","Northpond Ventures","Series A","2021-06-09","CB Insights","2026-09-09"
"Faro","Northpond Ventures","Series A - II","2023-01-01","CB Insights","2026-09-09"
"Faro","Northpond Ventures","Series B","2026-08-26","CB Insights","2026-09-09"
"Faro","PTX Capital","Series B","2026-08-26","CB Insights","2026-09-09"
"Faro","Microsoft for Startups Pegasus Program","Incubator/Accelerator","","CB Insights","2026-09-09"
"Firestorm Labs","NEA","Series A","2024-10-03","CB Insights","2026-09-09"
"Firestorm Labs","NEA","Series A - II","2025-01-01","CB Insights","2026-09-09"
"Firestorm Labs","NEA","Series B","2026-03-04","CB Insights","2026-09-09"
"Firestorm Labs","IQT","Series B","2026-03-04","CB Insights","2026-09-09"
"Firestorm Labs","J.P. Morgan","Debt - II","2025-07-16","CB Insights","2026-09-09"
"Firestorm Labs","Lockheed Martin","Series B","2026-03-04","CB Insights","2026-09-09"
"Firestorm Labs","Beyond Capital","Seed VC - II","2024-03-21","CB Insights","2026-09-09"
"Firestorm Labs","Alumni Ventures","Series A","2024-10-03","CB Insights","2026-09-09"
"Firestorm Labs","Alumni Ventures","Series B","2026-03-04","CB Insights","2026-09-09"
"Firestorm Labs","645 Ventures","Seed VC - II","2024-03-21","CB Insights","2026-09-09"
"Firestorm Labs","GettyLab","Other Investors","","CB Insights","2026-09-09"
"Firestorm Labs","Geodesic Capital","Series B","2026-03-04","CB Insights","2026-09-09"
"Firestorm Labs","Lockheed Martin Ventures","Seed VC - II","2024-03-21","CB Insights","2026-09-09"
"Firestorm Labs","Lockheed Martin Ventures","Series A - II","2025-06-18","CB Insights","2026-09-09"
"Firestorm Labs","Motley Fool Ventures","Series B","2026-03-04","CB Insights","2026-09-09"
"Firestorm Labs","Harpoon Ventures","Other Investors","","CB Insights","2026-09-09"
"Firestorm Labs","IronGate Capital Advisors","Seed VC - II","2024-03-21","CB Insights","2026-09-09"
"Firestorm Labs","Feld Ventures","Seed VC - II","2024-03-21","CB Insights","2026-09-09"
"Firestorm Labs","Washington Harbour Partners","Series A - II","2025-06-18","CB Insights","2026-09-09"
"Firestorm Labs","Washington Harbour Partners","Series B","2026-03-04","CB Insights","2026-09-09"
"Firestorm Labs","Red Cat Holdings","Seed","2023-03-14","CB Insights","2026-09-09"
"Firestorm Labs","Red Cat Holdings","Seed VC - II","2024-03-21","CB Insights","2026-09-09"
"Firestorm Labs","Decisive Point","Seed VC - II","2024-03-21","CB Insights","2026-09-09"
"Firestorm Labs","Decisive Point","Series A","2024-03-21","CB Insights","2026-09-09"
"Firestorm Labs","Decisive Point","Series A - II","2025-06-18","CB Insights","2026-09-09"
"Firestorm Labs","Sukna Ventures","Seed VC","2023-01-01","CB Insights","2026-09-09"
"Firestorm Labs","Ondas","Series B","2026-03-04","CB Insights","2026-09-09"
"Firestorm Labs","Jackson Moses","Other Investors","","CB Insights","2026-09-09"
"Firestorm Labs","Booz Allen Ventures","Series A - II","2025-06-18","CB Insights","2026-09-09"
"Firestorm Labs","Booz Allen Ventures","Series B","2026-03-04","CB Insights","2026-09-09"
"Firestorm Labs","Backswing Ventures","Seed VC - II","2024-03-21","CB Insights","2026-09-09"
"Firestorm Labs","The Veteran Fund","Seed VC - II","2024-03-21","CB Insights","2026-09-09"
"Firestorm Labs","STRATFI program","Grant","2025-03-10","CB Insights","2026-09-09"
"Firestorm Labs","Marque Ventures","Other Investors","","CB Insights","2026-09-09"
"Firestorm Labs","Marquee Ventures","Seed VC - II","2024-03-21","CB Insights","2026-09-09"
"Firestorm Labs","Silent Ventures","Seed VC - II","2024-03-21","CB Insights","2026-09-09"
"Firestorm Labs","Overmatch Ventures","Seed VC - II","2024-03-21","CB Insights","2026-09-09"
"Firestorm Labs","Cubit Capital","Seed VC - II","2024-03-21","CB Insights","2026-09-09"
"Firestorm Labs","Bravo Victor Venture Capital","Seed VC - II","2024-03-21","CB Insights","2026-09-09"
"Firestorm Labs","Fulcrum Venture Group","Other Investors","","CB Insights","2026-09-09"
"Firestorm Labs","xTech Accelerator","Other Investors","","CB Insights","2026-09-09"
"Firestorm Labs","Litquidity Ventures","Series B","2026-03-04","CB Insights","2026-09-09"
"FlightSafety International","United States Department of War","Grant","2007-04-16","CB Insights","2026-09-09"
"FlightSafety International","Berkshire Hathaway","Acq - P2P","1996-10-16","CB Insights","2026-09-09"
"Fortrea","Labcorp","Spinoff / Spinout","2023-02-09","CB Insights","2026-09-09"
"Fortrea","Starboard Value","PIPE","2023-10-16","CB Insights","2026-09-09"
"Gilead","Kleiner Perkins","Other Investors","","CB Insights","2026-09-09"
"Gilead","Menlo Ventures","Other Investors","","CB Insights","2026-09-09"
"Gilead","InterWest Partners","Other Investors","","CB Insights","2026-09-09"
"Gilead","Venrock","Other Investors","","CB Insights","2026-09-09"
"Gilead","Venrock","Seed VC","1988-01-01","CB Insights","2026-09-09"
"Gilead","Abingworth","PIPE","2024-02-29","CB Insights","2026-09-09"
"Gilead","Thomas McNerney & Partners","Other Investors","","CB Insights","2026-09-09"
"Gilead","Samsara BioCapital","Other Investors","","CB Insights","2026-09-09"
"Gilead","Glaxo Wellcome","Corporate Minority","1990-01-01","CB Insights","2026-09-09"
"Gupshup","Aspenwood Ventures","Series A","2006-02-20","CB Insights","2026-09-09"
"Gupshup","Globespan Capital Partners","Series D","2010-01-08","CB Insights","2026-09-09"
"Gupshup","Globespan Capital Partners","Series E","2011-01-01","CB Insights","2026-09-09"
"Gupshup","Globespan Capital Partners","Series F - III","2025-07-22","CB Insights","2026-09-09"
"Gupshup","Tiger Global Management","Series F","2021-01-01","CB Insights","2026-09-09"
"Gupshup","Tiger Global Management","Series F - II","2021-01-01","CB Insights","2026-09-09"
"Gupshup","CRV","Series B","2006-12-14","CB Insights","2026-09-09"
"Gupshup","CRV","Series C","2008-01-01","CB Insights","2026-09-09"
"Gupshup","CRV","Series D","2010-01-01","CB Insights","2026-09-09"
"Gupshup","CRV","Series E","2011-08-31","CB Insights","2026-09-09"
"Gupshup","Helion Venture Partners","Series B","2006-12-14","CB Insights","2026-09-09"
"Gupshup","Helion Venture Partners","Series C","2008-01-01","CB Insights","2026-09-09"
"Gupshup","Helion Venture Partners","Series D","2010-01-01","CB Insights","2026-09-09"
"Gupshup","Helion Venture Partners","Series E","2011-08-31","CB Insights","2026-09-09"
"Gupshup","Tenaya Capital","Series E","2011-08-31","CB Insights","2026-09-09"
"Gupshup","Cambrian Ventures","Series B","2006-12-14","CB Insights","2026-09-09"
"Gupshup","Fidelity Investments","Series F - II","2021-07-28","CB Insights","2026-09-09"
"Gupshup","Neuberger Berman","Series F - II","2021-07-28","CB Insights","2026-09-09"
"Gupshup","Lead Edge Capital","Other Investors","","CB Insights","2026-09-09"
"Gupshup","FinSight Ventures","Other Investors","","CB Insights","2026-09-09"
"Gupshup","Neeraj Arora","Series F - II","2021-07-28","CB Insights","2026-09-09"
"Gupshup","Sweetwater Private Equity","Other Investors","","CB Insights","2026-09-09"
"Gupshup","Harbor Spring Capital","Series F - II","2021-07-28","CB Insights","2026-09-09"
"Gupshup","Malabar Investments","Series F - II","2021-07-28","CB Insights","2026-09-09"
"Gupshup","White Oak Capital Management","Series F - II","2021-07-28","CB Insights","2026-09-09"
"Gupshup","Think Investments","Series F - II","2021-07-28","CB Insights","2026-09-09"
"Gupshup","Velocity","Other Investors","","CB Insights","2026-09-09"
"Gupshup","EvolutionX Debt Capital","Series F - III","2025-07-22","CB Insights","2026-09-09"
"Gupshup","SquareOne Capital","Other Investors","","CB Insights","2026-09-09"
"Gupshup","Growthcap Ventures","Other Investors","","CB Insights","2026-09-09"
"Higgsfield","Menlo Ventures","Seed VC","2024-04-03","CB Insights","2026-09-09"
"Higgsfield","Menlo Ventures","Series A","2025-01-01","CB Insights","2026-09-09"
"Higgsfield","Menlo Ventures","Series A - II","2026-08-17","CB Insights","2026-09-09"
"Higgsfield","Menlo Ventures","Series B","2026-08-17","CB Insights","2026-09-09"
"Higgsfield","Bessemer Venture Partners","Other Investors","","CB Insights","2026-09-09"
"Higgsfield","Intel Capital","Series B","2026-08-17","CB Insights","2026-09-09"
"Higgsfield","Accel","Series A","2025-09-09","CB Insights","2026-09-09"
"Higgsfield","Accel","Series A - II","2026-08-17","CB Insights","2026-09-09"
"Higgsfield","Accel","Series B","2026-08-17","CB Insights","2026-09-09"
"Higgsfield","Goldman Sachs","Series B","2026-08-17","CB Insights","2026-09-09"
"Higgsfield","DST Global","Series B","2026-08-17","CB Insights","2026-09-09"
"Higgsfield","Valor Capital Group","Series B","2026-08-17","CB Insights","2026-09-09"
"Higgsfield","Founders Circle Capital","Series A","2025-09-09","CB Insights","2026-09-09"
"Higgsfield","Abhay Parasnis","Seed VC","2024-04-03","CB Insights","2026-09-09"
"Higgsfield","NTT DoCoMo Ventures","Series B","2026-08-17","CB Insights","2026-09-09"
"Higgsfield","Alumni Ventures","Series A","2025-09-09","CB Insights","2026-09-09"
"Higgsfield","Fifth Wall","Series B","2026-08-17","CB Insights","2026-09-09"
"Higgsfield","Charge Ventures","Seed VC","2024-04-03","CB Insights","2026-09-09"
"Higgsfield","NextEquity","Series A","2025-09-09","CB Insights","2026-09-09"
"Higgsfield","BITKRAFT","Seed VC","2024-04-03","CB Insights","2026-09-09"
"Higgsfield","Samsung NEXT","Series A","2025-09-09","CB Insights","2026-09-09"
"Higgsfield","Alpha Intelligence Capital","Convertible Note","2024-04-01","CB Insights","2026-09-09"
"Higgsfield","Alpha Intelligence Capital","Seed VC","2024-04-01","CB Insights","2026-09-09"
"Higgsfield","Alpha Intelligence Capital","Series A","2025-01-01","CB Insights","2026-09-09"
"Higgsfield","Alpha Intelligence Capital","Series B","2026-08-17","CB Insights","2026-09-09"
"Higgsfield","Breakpoint Capital","Series A","2025-09-09","CB Insights","2026-09-09"
"Higgsfield","Mirae Asset Capital","Series B","2026-08-17","CB Insights","2026-09-09"
"Higgsfield","Tribe Capital","Series B","2026-08-17","CB Insights","2026-09-09"
"Higgsfield","Alpha Square Group","Series A","2025-09-09","CB Insights","2026-09-09"
"Higgsfield","K5 Global Technology","Seed VC","2024-04-03","CB Insights","2026-09-09"
"Higgsfield","Flyer One Ventures","Other Investors","","CB Insights","2026-09-09"
"Higgsfield","SLVC","Series A","2025-09-09","CB Insights","2026-09-09"
"Higgsfield","1982 Ventures","Series B","2026-08-17","CB Insights","2026-09-09"
"Higgsfield","Jack Brody","Seed VC","2024-04-03","CB Insights","2026-09-09"
"Higgsfield","Zero Prime Ventures","Seed VC","2024-04-03","CB Insights","2026-09-09"
"Higgsfield","Fellows Fund","Series A","2025-09-09","CB Insights","2026-09-09"
"Higgsfield","Nima Khajehnouri","Seed VC","2024-04-03","CB Insights","2026-09-09"
"Higgsfield","GFT Ventures","Series A","2025-09-09","CB Insights","2026-09-09"
"Higgsfield","GFT Ventures","Series A - II","2026-08-17","CB Insights","2026-09-09"
"Higgsfield","GFT Ventures","Series B","2026-08-17","CB Insights","2026-09-09"
"Higgsfield","BroadLight Capital","Series A","2025-09-09","CB Insights","2026-09-09"
"Higgsfield","BroadLight Capital","Series B","2026-08-17","CB Insights","2026-09-09"
"Higgsfield","Amar Hanspal","Seed VC","2024-04-03","CB Insights","2026-09-09"
"Higgsfield","Scale Asia Ventures","Series A","2025-09-09","CB Insights","2026-09-09"
"Higgsfield","Smash Capital","Series B","2026-08-17","CB Insights","2026-09-09"
"Higgsfield","Davidovs Venture Collective","Pre-Seed","2023-10-01","CB Insights","2026-09-09"
"Higgsfield","Davidovs Venture Collective","Seed VC","2024-04-03","CB Insights","2026-09-09"
"Higgsfield","AAl VC","Seed VC","2024-04-03","CB Insights","2026-09-09"
"Higgsfield","Music Ally SI:X","Other Investors","","CB Insights","2026-09-09"
"Higgsfield","Ilya Gelfenbeyn","Seed VC","2024-04-03","CB Insights","2026-09-09"
"Higgsfield","Goldman Sachs Alternatives","Series B","2026-08-17","CB Insights","2026-09-09"
"Higgsfield","MA7 Ventures","Other Investors","","CB Insights","2026-09-09"
"HyImpulse","Bayern Kapital","Series A - III","2026-09-02","CB Insights","2026-09-09"
"HyImpulse","MBG Baden-Württemberg","Series A - II","2025-10-16","CB Insights","2026-09-09"
"HyImpulse","BW Capital Partners","Series A - III","2026-09-02","CB Insights","2026-09-09"
"HyImpulse","Join Capital","Series A - III","2026-09-02","CB Insights","2026-09-09"
"HyImpulse","UK Space Agency","Grant","2023-12-13","CB Insights","2026-09-09"
"HyImpulse","German Aerospace Center","Spinoff / Spinout","2018-01-01","CB Insights","2026-09-09"
"HyImpulse","German Aerospace Center","Series A - III","2026-09-02","CB Insights","2026-09-09"
"HyImpulse","ESA Boost! Program","Grant - III","2024-11-19","CB Insights","2026-09-09"
"HyImpulse","P3A Ventures","Other Investors","","CB Insights","2026-09-09"
"HyImpulse","CASSINI Business Accelerator","Incubator/Accelerator","2023-05-17","CB Insights","2026-09-09"
"HyImpulse","NRW Ventures","Series A - III","2026-09-02","CB Insights","2026-09-09"
"HyImpulse","Start-up BW","Series A - II","2025-10-16","CB Insights","2026-09-09"
"HyImpulse","UK Space Agency’s National Space Innovation Programme","Grant - II","2024-07-23","CB Insights","2026-09-09"
"HyImpulse","Ace Capital Partners","Series A - III","2026-09-02","CB Insights","2026-09-09"
"HyImpulse","Campus Founders","Series A - II","2025-10-16","CB Insights","2026-09-09"
"HyImpulse","Campus Founders","Series A - III","2026-09-02","CB Insights","2026-09-09"
"HyImpulse","EIC Scaling Club","Incubator/Accelerator - II","2024-10-16","CB Insights","2026-09-09"
"HyImpulse","Helantic","Series A - II","2025-10-16","CB Insights","2026-09-09"
"HyImpulse","GIMIC Ventures","Series A - II","2025-10-16","CB Insights","2026-09-09"
"HyImpulse","EIC STEP Scale Up","Series A","2025-06-12","CB Insights","2026-09-09"
"HyImpulse","Global Resilience Innovation Fund","Series A - II","2025-10-16","CB Insights","2026-09-09"
"HyImpulse","SBG Heilbronn-Franken","Series A - II","2025-10-16","CB Insights","2026-09-09"
"HyImpulse","Vienna Point","Series A - II","2025-10-16","CB Insights","2026-09-09"
"HyImpulse","BTRON","Series A - II","2025-10-16","CB Insights","2026-09-09"
"HyImpulse","North Ventures","Series A - III","2026-09-02","CB Insights","2026-09-09"
"Implantica","Trifork Labs","Other Investors","","CB Insights","2026-09-09"
"Kepler","Canaan Partners","Series B","2021-04-29","CB Insights","2026-09-09"
"Kepler","Canaan Partners","Series C","2023-04-13","CB Insights","2026-09-09"
"Kepler","Techstars","Seed VC","2016-02-23","CB Insights","2026-09-09"
"Kepler","Plug and Play Ventures","Seed VC - II","2016-08-09","CB Insights","2026-09-09"
"Kepler","Plug and Play Ventures","Series A","2018-01-01","CB Insights","2026-09-09"
"Kepler","Plug and Play Ventures","Series B","2021-04-29","CB Insights","2026-09-09"
"Kepler","Ontario Centres of Excellence","Grant","2016-01-21","CB Insights","2026-09-09"
"Kepler","IA Ventures","Seed VC - II","2016-08-09","CB Insights","2026-09-09"
"Kepler","IA Ventures","Series A","2018-01-01","CB Insights","2026-09-09"
"Kepler","IA Ventures","Series B","2021-01-01","CB Insights","2026-09-09"
"Kepler","IA Ventures","Series C","2023-04-13","CB Insights","2026-09-09"
"Kepler","Techstars Ventures","Seed VC - II","2016-08-09","CB Insights","2026-09-09"
"Kepler","Techstars Ventures","Series A","2018-01-01","CB Insights","2026-09-09"
"Kepler","Techstars Ventures","Series B","2021-04-29","CB Insights","2026-09-09"
"Kepler","FedDev Ontario","Loan","2021-04-06","CB Insights","2026-09-09"
"Kepler","FedDev Ontario","Debt","2026-04-01","CB Insights","2026-09-09"
"Kepler","Right Side Capital Management","Seed VC","2016-02-23","CB Insights","2026-09-09"
"Kepler","Space Angels","Seed VC - II","2016-08-09","CB Insights","2026-09-09"
"Kepler","Costanoa Ventures","Series A","2018-10-15","CB Insights","2026-09-09"
"Kepler","Costanoa Ventures","Series B","2021-01-01","CB Insights","2026-09-09"
"Kepler","Costanoa Ventures","Series C","2023-04-13","CB Insights","2026-09-09"
"Kepler","DNS Capital","Other Investors","","CB Insights","2026-09-09"
"Kepler","Globalive","Seed VC - II","2016-08-09","CB Insights","2026-09-09"
"Kepler","Garage Capital","Other Investors","","CB Insights","2026-09-09"
"Kepler","Liquid 2 Ventures","Seed VC - II","2016-08-09","CB Insights","2026-09-09"
"Kepler","BDC Capital","Seed VC - II","2016-08-09","CB Insights","2026-09-09"
"Kepler","BDC Capital","Series C","2023-04-13","CB Insights","2026-09-09"
"Kepler","v1.vc","Other Investors","","CB Insights","2026-09-09"
"Kepler","Creative Destruction Lab","Other Investors","","CB Insights","2026-09-09"
"Kepler","DB Digital Ventures","Series A","2018-10-15","CB Insights","2026-09-09"
"Kepler","Good News Ventures","Other Investors","","CB Insights","2026-09-09"
"Kepler","Alexa Next Stage","Other Investors","","CB Insights","2026-09-09"
"Kepler","Berkeley SkyDeck","Series B","2021-04-29","CB Insights","2026-09-09"
"Kepler","Tribe Capital","Series B","2021-04-29","CB Insights","2026-09-09"
"Kepler","Tribe Capital","Series C","2023-04-13","CB Insights","2026-09-09"
"Kepler","Evolution VC Partners","Other Investors","","CB Insights","2026-09-09"
"Kepler","Techstars Tel Aviv Accelerator","Other Investors","","CB Insights","2026-09-09"
"Kepler","Techstars Allied Space Accelerator","Other Investors","","CB Insights","2026-09-09"
"Kepler","Techstars Starburst Space Accelerator","Other Investors","","CB Insights","2026-09-09"
"Kepler","Techstars Healthcare","Other Investors","","CB Insights","2026-09-09"
"Kepler","Techstars Detroit Powered by J.P. Morgan","Other Investors","","CB Insights","2026-09-09"
"Kepler","Techstars Bangalore Accelerator","Other Investors","","CB Insights","2026-09-09"
"Kepler","Techstars Target Retail program","Other Investors","","CB Insights","2026-09-09"
"Kepler","Techstars Music","Other Investors","","CB Insights","2026-09-09"
"Kepler","Roux Institute Techstars Accelerator","Other Investors","","CB Insights","2026-09-09"
"Kepler","Riyadh Techstars Accelerator","Other Investors","","CB Insights","2026-09-09"
"Kepler","Techstars Smart Mobility Accelerator","Other Investors","","CB Insights","2026-09-09"
"Kepler","Techstars Berlin Accelerator","Other Investors","","CB Insights","2026-09-09"
"Kepler","Equinor & Techstars Energy Accelerator","Other Investors","","CB Insights","2026-09-09"
"Kepler","Techstars Sports Accelerator Powered by Indy","Other Investors","","CB Insights","2026-09-09"
"Kepler","Space Capital","Other Investors","","CB Insights","2026-09-09"
"Kepler","Techstars Austin Accelerator","Other Investors","","CB Insights","2026-09-09"
"Kepler","Techstars Atlanta powered by J.P. Morgan","Other Investors","","CB Insights","2026-09-09"
"Kinetic Technologies","TSVC","Other Investors","","CB Insights","2026-09-09"
"Kinetic Technologies","Paycheck Protection Program","Loan","2020-04-28","CB Insights","2026-09-09"
"Kinetic Technologies","Cyient Semiconductors","Corporate Majority","2025-12-17","CB Insights","2026-09-09"
"Kraken","HongShan","Series D","2025-09-25","CB Insights","2026-09-09"
"Kraken","Hyde Park Angels","Other Investors","","CB Insights","2026-09-09"
"Kraken","SBI Investment","Series B","2016-02-01","CB Insights","2026-09-09"
"Kraken","RIT Capital Partners","Unattributed","2021-04-21","CB Insights","2026-09-09"
"Kraken","Brock Pierce","Series A - II","2014-03-25","CB Insights","2026-09-09"
"Kraken","Barry Silbert","Series A - II","2014-03-25","CB Insights","2026-09-09"
"Kraken","Arctic Venture Partners","Other Investors","","CB Insights","2026-09-09"
"Kraken","Hummingbird Ventures","Series A - II","2014-03-25","CB Insights","2026-09-09"
"Kraken","Apollo","Series D","2025-09-25","CB Insights","2026-09-09"
"Kraken","Deutsche Boerse","Secondary Market - II","2026-04-14","CB Insights","2026-09-09"
"Kraken","Winklevoss Capital","Other Investors","","CB Insights","2026-09-09"
"Kraken","Trace Mayer","Series A - II","2014-03-25","CB Insights","2026-09-09"
"Kraken","Kevin Bombino","Series A - II","2014-03-25","CB Insights","2026-09-09"
"Kraken","Blockchain Capital","Series A - II","2014-03-25","CB Insights","2026-09-09"
"Kraken","FinSight Ventures","Other Investors","","CB Insights","2026-09-09"
"Kraken","Digital Currency Group","Series A - II","2014-03-25","CB Insights","2026-09-09"
"Kraken","BnkToTheFuture","Angel","2019-06-25","CB Insights","2026-09-09"
"Kraken","HOF Capital","Other Investors","","CB Insights","2026-09-09"
"Kraken","Money Partners Group","Series B","2016-02-01","CB Insights","2026-09-09"
"Kraken","Citadel Securities","Series D - II","2025-11-18","CB Insights","2026-09-09"
"Kraken","Trammell Ventures","Series A - II","2014-03-25","CB Insights","2026-09-09"
"Kraken","Trammell Ventures","Series B","2016-02-01","CB Insights","2026-09-09"
"Kraken","Manhattan Venture Partners","Other Investors","","CB Insights","2026-09-09"
"Kraken","Jane Street Group","Series D","2025-09-25","CB Insights","2026-09-09"
"Kraken","Republic Europe","Funding - Pending","2026-01-19","CB Insights","2026-09-09"
"Kraken","Electric Capital","Series C","2021-04-01","CB Insights","2026-09-09"
"Kraken","Eterna Capital","Other Investors","","CB Insights","2026-09-09"
"Kraken","DRW Venture Capital","Series D","2025-09-25","CB Insights","2026-09-09"
"Kraken","Ahimsa Capital","Series C","2021-04-01","CB Insights","2026-09-09"
"Kraken","Tribe Capital","Series C","2021-04-01","CB Insights","2026-09-09"
"Kraken","Tribe Capital","Series D","2025-09-25","CB Insights","2026-09-09"
"Kraken","Yolo Investments","Other Investors","","CB Insights","2026-09-09"
"Kraken","Evolution VC Partners","Other Investors","","CB Insights","2026-09-09"
"Kraken","Fantail Ventures","Other Investors","","CB Insights","2026-09-09"
"Kraken","9Yards Capital","Other Investors","","CB Insights","2026-09-09"
"Kraken","Timon Capital","Other Investors","","CB Insights","2026-09-09"
"Kraken","The 6ixth Event","Series C","2021-04-01","CB Insights","2026-09-09"
"Kraken","The K Funds","Growth Equity","","CB Insights","2026-09-09"
"Kraken","G1 Ventures","Series A","2011-01-01","CB Insights","2026-09-09"
"Kraken","Oppenheimer","Series D","2025-09-25","CB Insights","2026-09-09"
"Kraken","MV Global","Unattributed VC","2021-03-05","CB Insights","2026-09-09"
"Kraken","Vii Ventures","Other Investors","","CB Insights","2026-09-09"
"Leanwatts","Trivest Partners","Seed","2026-08-29","CB Insights","2026-09-09"
"Leanwatts","Abraham George","Seed","2026-08-29","CB Insights","2026-09-09"
"Leanwatts","Alok Rungta","Seed","2026-08-29","CB Insights","2026-09-09"
"Matic","Bessemer Venture Partners","Other Investors","","CB Insights","2026-09-09"
"Matic","Sutter Hill Ventures","Series B","2025-08-13","CB Insights","2026-09-09"
"Matic","Naval Ravikant","Seed VC","2019-01-01","CB Insights","2026-09-09"
"Matic","Jack Dorsey","Seed VC","2019-01-01","CB Insights","2026-09-09"
"Matic","Brian Pokorny","Seed VC","2019-01-01","CB Insights","2026-09-09"
"Matic","Joe Lonsdale","Seed VC","2019-01-01","CB Insights","2026-09-09"
"Matic","Avichal Garg","Seed VC","2019-01-01","CB Insights","2026-09-09"
"Matic","Adam Nash","Seed VC","2019-01-01","CB Insights","2026-09-09"
"Matic","Patrick Collison","Seed VC","2019-01-01","CB Insights","2026-09-09"
"Matic","Patrick Collison","Series A","2023-11-02","CB Insights","2026-09-09"
"Matic","Nickhil Jakatdar","Seed VC","2019-01-01","CB Insights","2026-09-09"
"Matic","John Collison","Seed VC","2019-01-01","CB Insights","2026-09-09"
"Matic","John Collison","Series A","2023-11-02","CB Insights","2026-09-09"
"Matic","Adam D’Angelo","Seed VC","2019-01-01","CB Insights","2026-09-09"
"Matic","Daniel Gross","Series A","2023-11-02","CB Insights","2026-09-09"
"Matic","Abstract","Other Investors","","CB Insights","2026-09-09"
"Matic","Nat Friedman","Series A","2023-11-02","CB Insights","2026-09-09"
"Matic","Incite Ventures","Seed VC","2019-01-01","CB Insights","2026-09-09"
"Matic","Ayo Omojola","Seed VC","2019-01-01","CB Insights","2026-09-09"
"Matic","Abstract","Other Investors","","CB Insights","2026-09-09"
"Matic","basecase capital","Other Investors","","CB Insights","2026-09-09"
"Matic","Hawktail","Other Investors","","CB Insights","2026-09-09"
"Matic","Canonical Crypto","Other Investors","","CB Insights","2026-09-09"
"Matic","AI Grant","Other Investors","","CB Insights","2026-09-09"
"Nexperia","HSBC","Line of Credit","2018-04-19","CB Insights","2026-09-09"
"Nexperia","HSBC","Line of Credit - II","2019-09-05","CB Insights","2026-09-09"
"Nexperia","ABN AMRO","Line of Credit - II","2019-09-05","CB Insights","2026-09-09"
"Nexperia","Bank of America Securities","Line of Credit","2018-04-19","CB Insights","2026-09-09"
"Nexperia","Bank of America Securities","Line of Credit - II","2019-09-05","CB Insights","2026-09-09"
"Nexperia","NXP Semiconductors","Spinoff / Spinout","2017-01-01","CB Insights","2026-09-09"
"Nexperia","Wingtech","Corporate Majority","2018-10-25","CB Insights","2026-09-09"
"Nexperia","Wingtech","Acquired","2020-03-26","CB Insights","2026-09-09"
"Nexperia","Wise Road Capital","Acq - Fin","2017-02-07","CB Insights","2026-09-09"
"Nexperia","JAC Capital","Acq - Fin","2017-02-07","CB Insights","2026-09-09"
"Nexperia","Government of the Netherlands","Acquired - II","2025-10-13","CB Insights","2026-09-09"
"Nexperia","Cloudview Capital","Other Investors","","CB Insights","2026-09-09"
"Nexperia","Invest International","Loan","2026-02-16","CB Insights","2026-09-09"
"Northwood Space","Founders Fund","Seed VC","2024-02-19","CB Insights","2026-09-09"
"Northwood Space","Founders Fund","Series A","2025-01-01","CB Insights","2026-09-09"
"Northwood Space","Founders Fund","Series B","2026-01-27","CB Insights","2026-09-09"
"Northwood Space","Andreessen Horowitz","Seed VC","2024-02-19","CB Insights","2026-09-09"
"Northwood Space","Andreessen Horowitz","Series A","2025-01-01","CB Insights","2026-09-09"
"Northwood Space","Andreessen Horowitz","Series B","2026-01-27","CB Insights","2026-09-09"
"Northwood Space","StepStone Group","Series A","2025-04-22","CB Insights","2026-09-09"
"Northwood Space","BoxGroup","Seed VC","2024-02-19","CB Insights","2026-09-09"
"Northwood Space","BoxGroup","Series A","2025-04-22","CB Insights","2026-09-09"
"Northwood Space","StepStone","Series B","2026-01-27","CB Insights","2026-09-09"
"Northwood Space","Adrian Aoun","Series A","2025-04-22","CB Insights","2026-09-09"
"Northwood Space","Harvard Innovation Labs","Grant","2023-01-01","CB Insights","2026-09-09"
"Northwood Space","Alumni Ventures","Series B","2026-01-27","CB Insights","2026-09-09"
"Northwood Space","137 Ventures","Series B","2026-01-27","CB Insights","2026-09-09"
"Northwood Space","Harpoon Ventures","Series B","2026-01-27","CB Insights","2026-09-09"
"Northwood Space","Long Journey Ventures","Seed VC","2024-02-19","CB Insights","2026-09-09"
"Northwood Space","Long Journey Ventures","Series A","2025-04-22","CB Insights","2026-09-09"
"Northwood Space","Washington Harbour Partners","Series B","2026-01-27","CB Insights","2026-09-09"
"Northwood Space","Also Capital","Seed VC","2024-02-19","CB Insights","2026-09-09"
"Northwood Space","Also Capital","Series A","2025-04-22","CB Insights","2026-09-09"
"Northwood Space","Alpine Space Ventures","Series A","2025-04-22","CB Insights","2026-09-09"
"Northwood Space","Alpine Space Ventures","Series B","2026-01-27","CB Insights","2026-09-09"
"Northwood Space","Sparta Group","Other Investors","","CB Insights","2026-09-09"
"Northwood Space","Balerion Space Ventures","Series A","2025-04-22","CB Insights","2026-09-09"
"Northwood Space","Balerion Space Ventures","Series B","2026-01-27","CB Insights","2026-09-09"
"Northwood Space","Banter Capital","Series A","2025-04-22","CB Insights","2026-09-09"
"Northwood Space","Fulcrum Venture Group","Other Investors","","CB Insights","2026-09-09"
"Northwood Space","Solari","Other Investors","","CB Insights","2026-09-09"
"Northwood Space","Humba Ventures","Seed VC","2024-02-19","CB Insights","2026-09-09"
"Northwood Space","Humba Ventures","Series A","2025-04-22","CB Insights","2026-09-09"
"Northwood Space","Fulcrum","Series B","2026-01-27","CB Insights","2026-09-09"
"Northwood Space","Sparkwave Capital","Other Investors","","CB Insights","2026-09-09"
"Northwood Space","Aabid Razvi","Series A","2025-04-22","CB Insights","2026-09-09"
"Northwood Space","Evan Loomis","Series A","2025-04-22","CB Insights","2026-09-09"
"Northwood Space","Pax Ventures","Series B","2026-01-27","CB Insights","2026-09-09"
"Northwood Space","Scoop Ventures","Other Investors","","CB Insights","2026-09-09"
"Northwood Space","Resident Company Program","Other Investors","","CB Insights","2026-09-09"
