company_name,investor_name,round,announced_date,is_lead,source,as_of
Anduril Industries,Andreessen Horowitz,Series H,2026-05-01,true,CB Insights,2026-08-27
Anduril Industries,Thrive Capital,Series H,2026-05-01,true,CB Insights,2026-08-27
Anduril Industries,BroadLight Capital,Series H,2026-05-01,,CB Insights,2026-08-27
Anduril Industries,Coral Capital,Series H,2026-05-01,,CB Insights,2026-08-27
Anduril Industries,EquiTie,Series H,2026-05-01,,CB Insights,2026-08-27
Anduril Industries,Founders Fund,Series H,2026-05-01,,CB Insights,2026-08-27
Anduril Industries,Lux Capital,Series H,2026-05-01,,CB Insights,2026-08-27
Anduril Industries,Alpha Compute,Corporate Minority,2025-12-16,,CB Insights,2026-08-27
Anduril Industries,Fabrica Ventures,Secondary Market,2025-06-11,,CB Insights,2026-08-27
Anduril Industries,Founders Fund,Series G,2025-06-05,true,CB Insights,2026-08-27
Anduril Industries,1789 Capital,Series G,2025-06-05,,CB Insights,2026-08-27
Anduril Industries,2468 Ventures,Series G,2025-06-05,,CB Insights,2026-08-27
Anduril Industries,Align Ventures,Series G,2025-06-05,,CB Insights,2026-08-27
Anduril Industries,Altimeter Capital,Series G,2025-06-05,,CB Insights,2026-08-27
Anduril Industries,Andreessen Horowitz,Series G,2025-06-05,,CB Insights,2026-08-27
Anduril Industries,Baillie Gifford,Series G,2025-06-05,,CB Insights,2026-08-27
Anduril Industries,Bfa Global,Series G,2025-06-05,,CB Insights,2026-08-27
Anduril Industries,Bravo Victor Venture Capital,Series G,2025-06-05,,CB Insights,2026-08-27
Anduril Industries,Cosmic Venture Partners,Series G,2025-06-05,,CB Insights,2026-08-27
Anduril Industries,Craft Ventures,Series G,2025-06-05,,CB Insights,2026-08-27
Anduril Industries,Deep Tech Fund Advisors,Series G,2025-06-05,,CB Insights,2026-08-27
Anduril Industries,Fabrica Ventures,Series G,2025-06-05,,CB Insights,2026-08-27
Anduril Industries,Factorial Funds,Series G,2025-06-05,,CB Insights,2026-08-27
Anduril Industries,Gaingels,Series G,2025-06-05,,CB Insights,2026-08-27
Anduril Industries,Galdana Ventures,Series G,2025-06-05,,CB Insights,2026-08-27
Anduril Industries,Gallery Ventures,Series G,2025-06-05,,CB Insights,2026-08-27
Anduril Industries,Gestio Capital,Series G,2025-06-05,,CB Insights,2026-08-27
Anduril Industries,Greycroft,Series G,2025-06-05,,CB Insights,2026-08-27
Anduril Industries,Guindy Alumni Angels,Series G,2025-06-05,,CB Insights,2026-08-27
Anduril Industries,HOF Capital,Series G,2025-06-05,,CB Insights,2026-08-27
Anduril Industries,Hypersonic Ventures,Series G,2025-06-05,,CB Insights,2026-08-27
Anduril Industries,IronArc Ventures,Series G,2025-06-05,,CB Insights,2026-08-27
Anduril Industries,Jade Cove Partners,Series G,2025-06-05,,CB Insights,2026-08-27
Anduril Industries,K5 Global Technology,Series G,2025-06-05,,CB Insights,2026-08-27
Anduril Industries,Koru Capital,Series G,2025-06-05,,CB Insights,2026-08-27
Anduril Industries,Lenny Rachitsky,Series G,2025-06-05,,CB Insights,2026-08-27
Anduril Industries,Lux Capital,Series G,2025-06-05,,CB Insights,2026-08-27
Anduril Industries,Malex Enterprises,Series G,2025-06-05,,CB Insights,2026-08-27
Anduril Industries,NVTBL Ventures,Series G,2025-06-05,,CB Insights,2026-08-27
Anduril Industries,Next Round Capital Partners,Series G,2025-06-05,,CB Insights,2026-08-27
Anduril Industries,Overwatch Capital,Series G,2025-06-05,,CB Insights,2026-08-27
Anduril Industries,Ovtr VC,Series G,2025-06-05,,CB Insights,2026-08-27
Anduril Industries,Pari Passu Venture Partners,Series G,2025-06-05,,CB Insights,2026-08-27
Anduril Industries,Pipeline Capital Partners,Series G,2025-06-05,,CB Insights,2026-08-27
Anduril Industries,Pittco Management,Series G,2025-06-05,,CB Insights,2026-08-27
Anduril Industries,Plus Capital,Series G,2025-06-05,,CB Insights,2026-08-27
Anduril Industries,Rosecliff Ventures,Series G,2025-06-05,,CB Insights,2026-08-27
Anduril Industries,Saga,Series G,2025-06-05,,CB Insights,2026-08-27
Anduril Industries,Saraswati Ventures,Series G,2025-06-05,,CB Insights,2026-08-27
Anduril Industries,SciFi VC,Series G,2025-06-05,,CB Insights,2026-08-27
Anduril Industries,Simple Capital,Series G,2025-06-05,,CB Insights,2026-08-27
Anduril Industries,Small World Capital,Series G,2025-06-05,,CB Insights,2026-08-27
Anduril Industries,Sparkwave Capital,Series G,2025-06-05,,CB Insights,2026-08-27
Anduril Industries,Symphony Ventures,Series G,2025-06-05,,CB Insights,2026-08-27
Anduril Industries,T. Rowe Price,Series G,2025-06-05,,CB Insights,2026-08-27
Anduril Industries,TF Capital,Series G,2025-06-05,,CB Insights,2026-08-27
Anduril Industries,Thrive Capital,Series G,2025-06-05,,CB Insights,2026-08-27
Anduril Industries,Timber Grove Ventures,Series G,2025-06-05,,CB Insights,2026-08-27
Anduril Industries,Unity Growth,Series G,2025-06-05,,CB Insights,2026-08-27
Anduril Industries,V12 Partners,Series G,2025-06-05,,CB Insights,2026-08-27
Anduril Industries,VU Venture Partners,Series G,2025-06-05,,CB Insights,2026-08-27
Anduril Industries,Velvet,Series G,2025-06-05,,CB Insights,2026-08-27
Anduril Industries,Washington Harbour Partners,Series G,2025-06-05,,CB Insights,2026-08-27
Anduril Industries,Prime Fusion Pilot Accelerator Program,Incubator/Accelerator - II,2025-01-29,,CB Insights,2026-08-27
Anduril Industries,Founders Fund,Series F,2024-08-07,true,CB Insights,2026-08-27
Anduril Industries,Sands Capital,Series F,2024-08-07,true,CB Insights,2026-08-27
Anduril Industries,1435 Capital,Series F,2024-08-07,,CB Insights,2026-08-27
Anduril Industries,AJI Capital,Series F,2024-08-07,,CB Insights,2026-08-27
Anduril Industries,APL Ventures,Series F,2024-08-07,,CB Insights,2026-08-27
Anduril Industries,Adit Ventures,Series F,2024-08-07,,CB Insights,2026-08-27
Anduril Industries,Altimeter Capital,Series F,2024-08-07,,CB Insights,2026-08-27
Anduril Industries,Baillie Gifford,Series F,2024-08-07,,CB Insights,2026-08-27
Anduril Industries,Balerion Space Ventures,Series F,2024-08-07,,CB Insights,2026-08-27
Anduril Industries,Bossa Invest,Series F,2024-08-07,,CB Insights,2026-08-27
Anduril Industries,Brave Capital,Series F,2024-08-07,,CB Insights,2026-08-27
Anduril Industries,Cursive,Series F,2024-08-07,,CB Insights,2026-08-27
Anduril Industries,Dhuna Ventures,Series F,2024-08-07,,CB Insights,2026-08-27
Anduril Industries,Fidelity Investments,Series F,2024-08-07,,CB Insights,2026-08-27
Anduril Industries,Franklin Templeton,Series F,2024-08-07,,CB Insights,2026-08-27
Anduril Industries,Franklin Venture Partners,Series F,2024-08-07,,CB Insights,2026-08-27
Anduril Industries,Fundrise,Series F,2024-08-07,,CB Insights,2026-08-27
Anduril Industries,Gatsby Management,Series F,2024-08-07,,CB Insights,2026-08-27
Anduril Industries,HyperGuap,Series F,2024-08-07,,CB Insights,2026-08-27
Anduril Industries,IQT,Series F,2024-08-07,,CB Insights,2026-08-27
Anduril Industries,Intuitive Venture Partners,Series F,2024-08-07,,CB Insights,2026-08-27
Anduril Industries,JAWS Estates Capital,Series F,2024-08-07,,CB Insights,2026-08-27
Anduril Industries,JDY Capital,Series F,2024-08-07,,CB Insights,2026-08-27
Anduril Industries,K5 Global Technology,Series F,2024-08-07,,CB Insights,2026-08-27
Anduril Industries,Mac Equity,Series F,2024-08-07,,CB Insights,2026-08-27
Anduril Industries,Maiora Ventures,Series F,2024-08-07,,CB Insights,2026-08-27
Anduril Industries,MicroVentures,Series F,2024-08-07,,CB Insights,2026-08-27
Anduril Industries,Morgan Stanley Counterpoint Global,Series F,2024-08-07,,CB Insights,2026-08-27
Anduril Industries,Newbrook,Series F,2024-08-07,,CB Insights,2026-08-27
Anduril Industries,Opulentia Ventures,Series F,2024-08-07,,CB Insights,2026-08-27
Anduril Industries,Quiet Capital,Series F,2024-08-07,,CB Insights,2026-08-27
Anduril Industries,Riverside Ventures,Series F,2024-08-07,,CB Insights,2026-08-27
Anduril Industries,Silent Ventures,Series F,2024-08-07,,CB Insights,2026-08-27
Anduril Industries,Source Ventures,Series F,2024-08-07,,CB Insights,2026-08-27
Anduril Industries,The Nucleus Network,Series F,2024-08-07,,CB Insights,2026-08-27
Anduril Industries,Thesaurus Capital Group,Series F,2024-08-07,,CB Insights,2026-08-27
Anduril Industries,Tyrian Ventures,Series F,2024-08-07,,CB Insights,2026-08-27
Anduril Industries,Wormhole Capital,Series F,2024-08-07,,CB Insights,2026-08-27
Anduril Industries,Zain S Hasan Charitable Remainder Trust,Series F,2024-08-07,,CB Insights,2026-08-27
Anduril Industries,Altimeter Capital,Series E - II,2023-12-01,,CB Insights,2026-08-27
Anduril Industries,Andreessen Horowitz,Series E - II,2023-12-01,,CB Insights,2026-08-27
Anduril Industries,Edgewood Ventures,Series E - II,2023-12-01,,CB Insights,2026-08-27
Anduril Industries,Forward Deployed VC,Series E - II,2023-12-01,,CB Insights,2026-08-27
Anduril Industries,Founders Fund,Series E - II,2023-12-01,,CB Insights,2026-08-27
Anduril Industries,GC1 Ventures,Series E - II,2023-12-01,,CB Insights,2026-08-27
Anduril Industries,Inflection Ventures,Series E - II,2023-12-01,,CB Insights,2026-08-27
Anduril Industries,Lux Capital,Series E - II,2023-12-01,,CB Insights,2026-08-27
Anduril Industries,Mana Ventures,Series E - II,2023-12-01,,CB Insights,2026-08-27
Anduril Industries,Matador Networks,Series E - II,2023-12-01,,CB Insights,2026-08-27
Anduril Industries,Nonlinear Capital,Series E - II,2023-12-01,,CB Insights,2026-08-27
Anduril Industries,Pioneer1890,Series E - II,2023-12-01,,CB Insights,2026-08-27
Anduril Industries,Realm Capital Ventures,Series E - II,2023-12-01,,CB Insights,2026-08-27
Anduril Industries,Red Beard Ventures,Series E - II,2023-12-01,,CB Insights,2026-08-27
Anduril Industries,Toba Capital,Series E - II,2023-12-01,,CB Insights,2026-08-27
Anduril Industries,Long Journey Ventures,Series E,2022-12-01,true,CB Insights,2026-08-27
Anduril Industries,Valor Equity Partners,Series E,2022-12-01,true,CB Insights,2026-08-27
Anduril Industries,8VC,Series E,2022-12-01,,CB Insights,2026-08-27
Anduril Industries,Aliya Capital Partners,Series E,2022-12-01,,CB Insights,2026-08-27
Anduril Industries,Andreessen Horowitz,Series E,2022-12-01,,CB Insights,2026-08-27
Anduril Industries,Anti Fund,Series E,2022-12-01,,CB Insights,2026-08-27
Anduril Industries,Beaconsfield Capital Management,Series E,2022-12-01,,CB Insights,2026-08-27
Anduril Industries,Blue Opal Capital,Series E,2022-12-01,,CB Insights,2026-08-27
Anduril Industries,Broom Ventures,Series E,2022-12-01,,CB Insights,2026-08-27
Anduril Industries,CLF Partners,Series E,2022-12-01,,CB Insights,2026-08-27
Anduril Industries,Covenant Venture Capital,Series E,2022-12-01,,CB Insights,2026-08-27
Anduril Industries,DFJ Growth Fund,Series E,2022-12-01,,CB Insights,2026-08-27
Anduril Industries,Decisive,Series E,2022-12-01,,CB Insights,2026-08-27
Anduril Industries,Elad Gil,Series E,2022-12-01,,CB Insights,2026-08-27
Anduril Industries,Embedded Ventures,Series E,2022-12-01,,CB Insights,2026-08-27
Anduril Industries,Ericsenz Capital,Series E,2022-12-01,,CB Insights,2026-08-27
Anduril Industries,Exits Capital,Series E,2022-12-01,,CB Insights,2026-08-27
Anduril Industries,FJ Labs,Series E,2022-12-01,,CB Insights,2026-08-27
Anduril Industries,Fifth Down Capital,Series E,2022-12-01,,CB Insights,2026-08-27
Anduril Industries,Founders Fund,Series E,2022-12-01,,CB Insights,2026-08-27
Anduril Industries,Franklin Venture Partners,Series E,2022-12-01,,CB Insights,2026-08-27
Anduril Industries,Friends & Family Capital,Series E,2022-12-01,,CB Insights,2026-08-27
Anduril Industries,General Catalyst,Series E,2022-12-01,,CB Insights,2026-08-27
Anduril Industries,GoalVest Advisory,Series E,2022-12-01,,CB Insights,2026-08-27
Anduril Industries,Human Capital,Series E,2022-12-01,,CB Insights,2026-08-27
Anduril Industries,IPO CLUB,Series E,2022-12-01,,CB Insights,2026-08-27
Anduril Industries,Lachy Groom,Series E,2022-12-01,,CB Insights,2026-08-27
Anduril Industries,Lightspeed,Series E,2022-12-01,,CB Insights,2026-08-27
Anduril Industries,Lux Capital,Series E,2022-12-01,,CB Insights,2026-08-27
Anduril Industries,MVP Ventures,Series E,2022-12-01,,CB Insights,2026-08-27
Anduril Industries,Manhattan West Asset Management,Series E,2022-12-01,,CB Insights,2026-08-27
Anduril Industries,MarketX,Series E,2022-12-01,,CB Insights,2026-08-27
Anduril Industries,Marlinspike Capital,Series E,2022-12-01,,CB Insights,2026-08-27
Anduril Industries,Marlinspike Partners,Series E,2022-12-01,,CB Insights,2026-08-27
Anduril Industries,Moneyus Capital,Series E,2022-12-01,,CB Insights,2026-08-27
Anduril Industries,Other People's Capital,Series E,2022-12-01,,CB Insights,2026-08-27
Anduril Industries,Palumni VC,Series E,2022-12-01,,CB Insights,2026-08-27
Anduril Industries,Rabben Hood Ventures,Series E,2022-12-01,,CB Insights,2026-08-27
Anduril Industries,Redefine Ventures,Series E,2022-12-01,,CB Insights,2026-08-27
Anduril Industries,Shrug Capital,Series E,2022-12-01,,CB Insights,2026-08-27
Anduril Industries,Sparq Capital,Series E,2022-12-01,,CB Insights,2026-08-27
Anduril Industries,Spur Capital Partners,Series E,2022-12-01,,CB Insights,2026-08-27
Anduril Industries,TSG Invest,Series E,2022-12-01,,CB Insights,2026-08-27
Anduril Industries,The JHA Capital,Series E,2022-12-01,,CB Insights,2026-08-27
Anduril Industries,Thomas Tull,Series E,2022-12-01,,CB Insights,2026-08-27
Anduril Industries,Thrive Capital,Series E,2022-12-01,,CB Insights,2026-08-27
Anduril Industries,Transparent Equity Entrepreneurs,Series E,2022-12-01,,CB Insights,2026-08-27
Anduril Industries,US Innovative Technology Fund,Series E,2022-12-01,,CB Insights,2026-08-27
Anduril Industries,Vibora Capital,Series E,2022-12-01,,CB Insights,2026-08-27
Anduril Industries,WCM Investment Management,Series E,2022-12-01,,CB Insights,2026-08-27
Anduril Industries,Elad Gil,Series D,2021-06-17,true,CB Insights,2026-08-27
Anduril Industries,8VC,Series D,2021-06-17,,CB Insights,2026-08-27
Anduril Industries,9Yards Capital,Series D,2021-06-17,,CB Insights,2026-08-27
Anduril Industries,Al Turki Ventures,Series D,2021-06-17,,CB Insights,2026-08-27
Anduril Industries,Andreessen Horowitz,Series D,2021-06-17,,CB Insights,2026-08-27
Anduril Industries,Arceau,Series D,2021-06-17,,CB Insights,2026-08-27
Anduril Industries,Balaji Srinivasan,Series D,2021-06-17,,CB Insights,2026-08-27
Anduril Industries,BlueWing Ventures,Series D,2021-06-17,,CB Insights,2026-08-27
Anduril Industries,Champion Hill Ventures,Series D,2021-06-17,,CB Insights,2026-08-27
Anduril Industries,Contrary,Series D,2021-06-17,,CB Insights,2026-08-27
Anduril Industries,D1 Capital Partners,Series D,2021-06-17,,CB Insights,2026-08-27
Anduril Industries,EQUIAM,Series D,2021-06-17,,CB Insights,2026-08-27
Anduril Industries,FJ Labs,Series D,2021-06-17,,CB Insights,2026-08-27
Anduril Industries,First In,Series D,2021-06-17,,CB Insights,2026-08-27
Anduril Industries,Founders Fund,Series D,2021-06-17,,CB Insights,2026-08-27
Anduril Industries,Friends & Family Capital,Series D,2021-06-17,,CB Insights,2026-08-27
Anduril Industries,General Catalyst,Series D,2021-06-17,,CB Insights,2026-08-27
Anduril Industries,Jackson Moses,Series D,2021-06-17,,CB Insights,2026-08-27
Anduril Industries,Jovono,Series D,2021-06-17,,CB Insights,2026-08-27
Anduril Industries,Lux Capital,Series D,2021-06-17,,CB Insights,2026-08-27
Anduril Industries,MDSV Capital,Series D,2021-06-17,,CB Insights,2026-08-27
Anduril Industries,MSA Capital,Series D,2021-06-17,,CB Insights,2026-08-27
Anduril Industries,MVA Foundation,Series D,2021-06-17,,CB Insights,2026-08-27
Anduril Industries,MVP Ventures,Series D,2021-06-17,,CB Insights,2026-08-27
Anduril Industries,Mandala Space Ventures,Series D,2021-06-17,,CB Insights,2026-08-27
Anduril Industries,Sozo Ventures,Series D,2021-06-17,,CB Insights,2026-08-27
Anduril Industries,Summit Peak Investments,Series D,2021-06-17,,CB Insights,2026-08-27
Anduril Industries,Valor Equity Partners,Series D,2021-06-17,,CB Insights,2026-08-27
Anduril Industries,Wolfswood Partners,Series D,2021-06-17,,CB Insights,2026-08-27
Anduril Industries,Andreessen Horowitz,Series C,2020-07-01,true,CB Insights,2026-08-27
Anduril Industries,137 Ventures,Series C,2020-07-01,,CB Insights,2026-08-27
Anduril Industries,8VC,Series C,2020-07-01,,CB Insights,2026-08-27
Anduril Industries,Bedrock Capital,Series C,2020-07-01,,CB Insights,2026-08-27
Anduril Industries,Elad Gil,Series C,2020-07-01,,CB Insights,2026-08-27
Anduril Industries,Ethos,Series C,2020-07-01,,CB Insights,2026-08-27
Anduril Industries,Formic Ventures,Series C,2020-07-01,,CB Insights,2026-08-27
Anduril Industries,Founders Fund,Series C,2020-07-01,,CB Insights,2026-08-27
Anduril Industries,General Catalyst,Series C,2020-07-01,,CB Insights,2026-08-27
Anduril Industries,Human Capital Partners,Series C,2020-07-01,,CB Insights,2026-08-27
Anduril Industries,Liquid 2 Ventures,Series C,2020-07-01,,CB Insights,2026-08-27
Anduril Industries,Lux Capital,Series C,2020-07-01,,CB Insights,2026-08-27
Anduril Industries,Matterhorn Studio,Series C,2020-07-01,,CB Insights,2026-08-27
Anduril Industries,Red Beard Ventures,Series C,2020-07-01,,CB Insights,2026-08-27
Anduril Industries,Valor Equity Partners,Series C,2020-07-01,,CB Insights,2026-08-27
Anduril Industries,Andreessen Horowitz,Series B,2019-09-11,,CB Insights,2026-08-27
Anduril Industries,Elementum Ventures,Series B,2019-09-11,,CB Insights,2026-08-27
Anduril Industries,Founders Fund,Series B,2019-09-11,,CB Insights,2026-08-27
Anduril Industries,Franklin Venture Partners,Series B,2019-09-11,,CB Insights,2026-08-27
Anduril Industries,General Catalyst,Series B,2019-09-11,,CB Insights,2026-08-27
Anduril Industries,Human Capital,Series B,2019-09-11,,CB Insights,2026-08-27
Anduril Industries,Hunt Technology Ventures,Series B,2019-09-11,,CB Insights,2026-08-27
Anduril Industries,Long Journey Ventures,Series B,2019-09-11,,CB Insights,2026-08-27
Anduril Industries,Valor Equity Partners,Series B,2019-09-11,,CB Insights,2026-08-27
Castelion,Andreessen Horowitz,Series C,2026-08-19,true,CB Insights,2026-08-27
Castelion,Carlyle,Series C,2026-08-19,true,CB Insights,2026-08-27
Castelion,JPMorganChase,Series C,2026-08-19,true,CB Insights,2026-08-27
Castelion,Altimeter Capital,Series C,2026-08-19,,CB Insights,2026-08-27
Castelion,General Catalyst,Series C,2026-08-19,,CB Insights,2026-08-27
Castelion,Interlagos,Series C,2026-08-19,,CB Insights,2026-08-27
Castelion,Lavrock Ventures,Series C,2026-08-19,,CB Insights,2026-08-27
Castelion,Lightspeed,Series C,2026-08-19,,CB Insights,2026-08-27
Castelion,T. Rowe Price,Series C,2026-08-19,,CB Insights,2026-08-27
Castelion,Altimeter Capital,Series B,2025-07-04,true,CB Insights,2026-08-27
Castelion,Lightspeed,Series B,2025-07-04,true,CB Insights,2026-08-27
Castelion,Andreessen Horowitz,Series B,2025-07-04,,CB Insights,2026-08-27
Castelion,Avenir,Series B,2025-07-04,,CB Insights,2026-08-27
Castelion,Battery Ventures,Series B,2025-07-04,,CB Insights,2026-08-27
Castelion,BlueYard Capital,Series B,2025-07-04,,CB Insights,2026-08-27
Castelion,Cantos,Series B,2025-07-04,,CB Insights,2026-08-27
Castelion,Champion Hill Ventures,Series B,2025-07-04,,CB Insights,2026-08-27
Castelion,First In,Series B,2025-07-04,,CB Insights,2026-08-27
Castelion,General Catalyst,Series B,2025-07-04,,CB Insights,2026-08-27
Castelion,Interlagos,Series B,2025-07-04,,CB Insights,2026-08-27
Castelion,Lavrock Ventures,Series B,2025-07-04,,CB Insights,2026-08-27
Castelion,New Vista Capital,Series B,2025-07-04,,CB Insights,2026-08-27
Castelion,Space VC,Series B,2025-07-04,,CB Insights,2026-08-27
Castelion,The Pritzker Group,Series B,2025-07-04,,CB Insights,2026-08-27
Castelion,"Silicon Valley Bank - Deposits, Loans, and Branches",Debt,2025-01-29,,CB Insights,2026-08-27
Castelion,Lightspeed,Series A,2025-01-29,true,CB Insights,2026-08-27
Castelion,Andreessen Horowitz,Series A,2025-01-29,,CB Insights,2026-08-27
Castelion,BlueYard Capital,Series A,2025-01-29,,CB Insights,2026-08-27
Castelion,Cantos,Series A,2025-01-29,,CB Insights,2026-08-27
Castelion,Champion Hill Ventures,Series A,2025-01-29,,CB Insights,2026-08-27
Castelion,First In,Series A,2025-01-29,,CB Insights,2026-08-27
Castelion,Interlagos,Series A,2025-01-29,,CB Insights,2026-08-27
Castelion,Lavrock Ventures,Series A,2025-01-29,,CB Insights,2026-08-27
Castelion,New Vista Capital,Series A,2025-01-29,,CB Insights,2026-08-27
Castelion,Space VC,Series A,2025-01-29,,CB Insights,2026-08-27
Castelion,Andreessen Horowitz,Seed VC,2023-10-05,true,CB Insights,2026-08-27
Castelion,Lavrock Ventures,Seed VC,2023-10-05,true,CB Insights,2026-08-27
Castelion,Battery Ventures,Seed VC,2023-10-05,,CB Insights,2026-08-27
Castelion,BlueYard Capital,Seed VC,2023-10-05,,CB Insights,2026-08-27
Castelion,Champion Hill Ventures,Seed VC,2023-10-05,,CB Insights,2026-08-27
Castelion,First In,Seed VC,2023-10-05,,CB Insights,2026-08-27
Castelion,New Vista Capital,Seed VC,2023-10-05,,CB Insights,2026-08-27
Castelion,Lavrock Ventures,Pre-Seed,2023-04-21,true,CB Insights,2026-08-27
Castelion,A16Z GAMES,Other Investors,,,CB Insights,2026-08-27
Castelion,Angel Collective Opportunity Fund,Other Investors,,,CB Insights,2026-08-27
Castelion,DataPower Ventures,Other Investors,,,CB Insights,2026-08-27
Castelion,Forward Deployed VC,Other Investors,,,CB Insights,2026-08-27
Castelion,GrayArch Partners,Other Investors,,,CB Insights,2026-08-27
Castelion,Jackson Moses,Other Investors,,,CB Insights,2026-08-27
Castelion,Silent Ventures,Other Investors,,,CB Insights,2026-08-27
Castelion,Space VC,Other Investors,,,CB Insights,2026-08-27
Castelion,Sparq Capital,Other Investors,,,CB Insights,2026-08-27
Castelion,Tides Ventures,Other Investors,,,CB Insights,2026-08-27
Castelion,a16z Bio Health,Other Investors,,,CB Insights,2026-08-27
Crusoe,Goldman Sachs,Debt - III,2026-02-20,,CB Insights,2026-08-27
Crusoe,Mubadala Capital,Series E,2025-10-21,true,CB Insights,2026-08-27
Crusoe,Valor Equity Partners,Series E,2025-10-21,true,CB Insights,2026-08-27
Crusoe,137 Ventures,Series E,2025-10-21,,CB Insights,2026-08-27
Crusoe,1789 Capital,Series E,2025-10-21,,CB Insights,2026-08-27
Crusoe,Activate Capital,Series E,2025-10-21,,CB Insights,2026-08-27
Crusoe,Altimeter Capital,Series E,2025-10-21,,CB Insights,2026-08-27
Crusoe,Atreides Management,Series E,2025-10-21,,CB Insights,2026-08-27
Crusoe,BAM Elevate,Series E,2025-10-21,,CB Insights,2026-08-27
Crusoe,Blue Owl Capital,Series E,2025-10-21,,CB Insights,2026-08-27
Crusoe,DPR Construction,Series E,2025-10-21,,CB Insights,2026-08-27
Crusoe,Fidelity Investments,Series E,2025-10-21,,CB Insights,2026-08-27
Crusoe,Founders Fund,Series E,2025-10-21,,CB Insights,2026-08-27
Crusoe,Franklin Templeton,Series E,2025-10-21,,CB Insights,2026-08-27
Crusoe,Galvanize,Series E,2025-10-21,,CB Insights,2026-08-27
Crusoe,Kortschak Investments,Series E,2025-10-21,,CB Insights,2026-08-27
Crusoe,Long Journey Ventures,Series E,2025-10-21,,CB Insights,2026-08-27
Crusoe,Lowercarbon Capital,Series E,2025-10-21,,CB Insights,2026-08-27
Crusoe,M37 Management,Series E,2025-10-21,,CB Insights,2026-08-27
Crusoe,MCJ,Series E,2025-10-21,,CB Insights,2026-08-27
Crusoe,NVIDIA,Series E,2025-10-21,,CB Insights,2026-08-27
Crusoe,Ora Global,Series E,2025-10-21,,CB Insights,2026-08-27
Crusoe,Radical Ventures,Series E,2025-10-21,,CB Insights,2026-08-27
Crusoe,Ribbit Capital,Series E,2025-10-21,,CB Insights,2026-08-27
Crusoe,Salesforce Ventures,Series E,2025-10-21,,CB Insights,2026-08-27
Crusoe,Saquon Barkley,Series E,2025-10-21,,CB Insights,2026-08-27
Crusoe,Spark Capital,Series E,2025-10-21,,CB Insights,2026-08-27
Crusoe,StepStone Group,Series E,2025-10-21,,CB Insights,2026-08-27
Crusoe,Stripes,Series E,2025-10-21,,CB Insights,2026-08-27
Crusoe,Supermicro,Series E,2025-10-21,,CB Insights,2026-08-27
Crusoe,T. Rowe Price,Series E,2025-10-21,,CB Insights,2026-08-27
Crusoe,Thirdbase Capital,Series E,2025-10-21,,CB Insights,2026-08-27
Crusoe,Tiger Global Management,Series E,2025-10-21,,CB Insights,2026-08-27
Crusoe,Upper90,Series E,2025-10-21,,CB Insights,2026-08-27
Crusoe,Winklevoss Capital,Series E,2025-10-21,,CB Insights,2026-08-27
Crusoe,Zigg Capital,Series E,2025-10-21,,CB Insights,2026-08-27
Crusoe,Victory Park Capital,Line of Credit - IV,2025-08-25,,CB Insights,2026-08-27
Crusoe,Brookfield,Line of Credit - III,2025-06-11,,CB Insights,2026-08-27
Crusoe,Upper90,Line of Credit - II,2025-03-27,true,CB Insights,2026-08-27
Crusoe,Columbia Investment Management,Line of Credit - II,2025-03-27,,CB Insights,2026-08-27
Crusoe,FS Investments,Line of Credit - II,2025-03-27,,CB Insights,2026-08-27
Crusoe,King Street Capital,Line of Credit - II,2025-03-27,,CB Insights,2026-08-27
Crusoe,Liberty Mutual Investments,Line of Credit - II,2025-03-27,,CB Insights,2026-08-27
Crusoe,ORIX,Line of Credit - II,2025-03-27,,CB Insights,2026-08-27
Crusoe,Founders Fund,Series D,2024-11-20,true,CB Insights,2026-08-27
Crusoe,Felicis,Series D,2024-11-20,,CB Insights,2026-08-27
Crusoe,Fidelity,Series D,2024-11-20,,CB Insights,2026-08-27
Crusoe,Long Journey Ventures,Series D,2024-11-20,,CB Insights,2026-08-27
Crusoe,Mubadala,Series D,2024-11-20,,CB Insights,2026-08-27
Crusoe,NVIDIA,Series D,2024-11-20,,CB Insights,2026-08-27
Crusoe,Ribbit Capital,Series D,2024-11-20,,CB Insights,2026-08-27
Crusoe,Valor Equity Partners,Series D,2024-11-20,,CB Insights,2026-08-27
Crusoe,Upper90,Debt,2023-10-23,,CB Insights,2026-08-27
Crusoe,Oman Investment Authority,Unattributed,2022-06-02,,CB Insights,2026-08-27
Crusoe,Generate,Line of Credit,2022-04-21,,CB Insights,2026-08-27
Crusoe,SVB Capital,Line of Credit,2022-04-21,,CB Insights,2026-08-27
Crusoe,Sparkfund,Line of Credit,2022-04-21,,CB Insights,2026-08-27
Crusoe,G2 Venture Partners,Series C,2022-04-21,true,CB Insights,2026-08-27
Crusoe,Abstract,Series C,2022-04-21,,CB Insights,2026-08-27
Crusoe,Air Street Capital,Series C,2022-04-21,,CB Insights,2026-08-27
Crusoe,Atreides Management,Series C,2022-04-21,,CB Insights,2026-08-27
Crusoe,Bain Capital Ventures,Series C,2022-04-21,,CB Insights,2026-08-27
Crusoe,CMT Digital,Series C,2022-04-21,,CB Insights,2026-08-27
Crusoe,Castle Island Ventures,Series C,2022-04-21,,CB Insights,2026-08-27
Crusoe,DRW Venture Capital,Series C,2022-04-21,,CB Insights,2026-08-27
Crusoe,EXOR Seeds,Series C,2022-04-21,,CB Insights,2026-08-27
Crusoe,Engine No. 1,Series C,2022-04-21,,CB Insights,2026-08-27
Crusoe,Felicis,Series C,2022-04-21,,CB Insights,2026-08-27
Crusoe,Footprint Coalition,Series C,2022-04-21,,CB Insights,2026-08-27
Crusoe,Founders Fund,Series C,2022-04-21,,CB Insights,2026-08-27
Crusoe,Inclusive Capital Partners,Series C,2022-04-21,,CB Insights,2026-08-27
Crusoe,Interplay Ventures,Series C,2022-04-21,,CB Insights,2026-08-27
Crusoe,Lowercarbon Capital,Series C,2022-04-21,,CB Insights,2026-08-27
Crusoe,MCJ,Series C,2022-04-21,,CB Insights,2026-08-27
Crusoe,Mitsui,Series C,2022-04-21,,CB Insights,2026-08-27
Crusoe,Polychain Capital,Series C,2022-04-21,,CB Insights,2026-08-27
Crusoe,Tao Capital Partners,Series C,2022-04-21,,CB Insights,2026-08-27
Crusoe,Upper90,Series C,2022-04-21,,CB Insights,2026-08-27
Crusoe,Valor Equity Partners,Series C,2022-04-21,,CB Insights,2026-08-27
Crusoe,Winklevoss Capital,Series C,2022-04-21,,CB Insights,2026-08-27
Crusoe,Zigg Capital,Series C,2022-04-21,,CB Insights,2026-08-27
Field AI,Hyundai,Corporate Minority,2026-02-09,,CB Insights,2026-08-27
Field AI,Bezos Expeditions,Series A,2025-08-20,true,CB Insights,2026-08-27
Field AI,Prysm Capital,Series A,2025-08-20,true,CB Insights,2026-08-27
Field AI,Temasek,Series A,2025-08-20,true,CB Insights,2026-08-27
Field AI,BHP Ventures,Series A,2025-08-20,,CB Insights,2026-08-27
Field AI,Canaan Partners,Series A,2025-08-20,,CB Insights,2026-08-27
Field AI,Emerson Collective,Series A,2025-08-20,,CB Insights,2026-08-27
Field AI,Gates Frontier,Series A,2025-08-20,,CB Insights,2026-08-27
Field AI,Intel Capital,Series A,2025-08-20,,CB Insights,2026-08-27
Field AI,Khosla Ventures,Series A,2025-08-20,,CB Insights,2026-08-27
Field AI,NVentures,Series A,2025-08-20,,CB Insights,2026-08-27
Field AI,Samsung Ventures,Series A,2025-08-20,,CB Insights,2026-08-27
Field AI,Bessemer Venture Partners,Other Investors,,,CB Insights,2026-08-27
Field AI,Canonical Crypto,Other Investors,,,CB Insights,2026-08-27
Field AI,Embark Ventures,Other Investors,,,CB Insights,2026-08-27
Field AI,Fika Ventures,Other Investors,,,CB Insights,2026-08-27
Field AI,Graph Ventures,Other Investors,,,CB Insights,2026-08-27
Field AI,Leonard’s Catalyst Program,Other Investors,,,CB Insights,2026-08-27
Field AI,Nirman Ventures,Other Investors,,,CB Insights,2026-08-27
Field AI,Play Time,Other Investors,,,CB Insights,2026-08-27
Field AI,RBR Robotics Innovation Award,Other Investors,,,CB Insights,2026-08-27
Field AI,Samsung NEXT,Other Investors,,,CB Insights,2026-08-27
Field AI,Saraswati Ventures,Other Investors,,,CB Insights,2026-08-27
Field AI,Transform Investments,Other Investors,,,CB Insights,2026-08-27
Field AI,WIND Ventures,Other Investors,,,CB Insights,2026-08-27
Field AI,Yaletown Partners,Other Investors,,,CB Insights,2026-08-27
Field AI,xTech Accelerator,Other Investors,,,CB Insights,2026-08-27
Fireworks AI,Atreides Management,Series D,2026-07-16,true,CB Insights,2026-08-27
Fireworks AI,Index Ventures,Series D,2026-07-16,true,CB Insights,2026-08-27
Fireworks AI,TCV,Series D,2026-07-16,true,CB Insights,2026-08-27
Fireworks AI,20VC,Series D,2026-07-16,,CB Insights,2026-08-27
Fireworks AI,Bessemer Venture Partners,Series D,2026-07-16,,CB Insights,2026-08-27
Fireworks AI,Evantic Capital,Series D,2026-07-16,,CB Insights,2026-08-27
Fireworks AI,Insight Partners,Series D,2026-07-16,,CB Insights,2026-08-27
Fireworks AI,Lightspeed,Series D,2026-07-16,,CB Insights,2026-08-27
Fireworks AI,Lone Pine Capital,Series D,2026-07-16,,CB Insights,2026-08-27
Fireworks AI,Menlo Ventures,Series D,2026-07-16,,CB Insights,2026-08-27
Fireworks AI,NVIDIA,Series D,2026-07-16,,CB Insights,2026-08-27
Fireworks AI,Ontario Teachers' Pension Plan,Series D,2026-07-16,,CB Insights,2026-08-27
Fireworks AI,Operator Collective,Series D,2026-07-16,,CB Insights,2026-08-27
Fireworks AI,Original Capital,Series D,2026-07-16,,CB Insights,2026-08-27
Fireworks AI,Prysm Capital,Series D,2026-07-16,,CB Insights,2026-08-27
Fireworks AI,Quantum Capital,Series D,2026-07-16,,CB Insights,2026-08-27
Fireworks AI,TIME VENTURES,Series D,2026-07-16,,CB Insights,2026-08-27
Fireworks AI,Evantic Capital,Secondary Market,2025-10-28,,CB Insights,2026-08-27
Fireworks AI,Index Ventures,Secondary Market,2025-10-28,,CB Insights,2026-08-27
Fireworks AI,Lightspeed,Secondary Market,2025-10-28,,CB Insights,2026-08-27
Fireworks AI,Sequoia Capital,Secondary Market,2025-10-28,,CB Insights,2026-08-27
Fireworks AI,Evantic Capital,Series C,2025-10-28,true,CB Insights,2026-08-27
Fireworks AI,Index Ventures,Series C,2025-10-28,true,CB Insights,2026-08-27
Fireworks AI,Lightspeed,Series C,2025-10-28,true,CB Insights,2026-08-27
Fireworks AI,AMD,Series C,2025-10-28,,CB Insights,2026-08-27
Fireworks AI,Databricks,Series C,2025-10-28,,CB Insights,2026-08-27
Fireworks AI,NVIDIA,Series C,2025-10-28,,CB Insights,2026-08-27
Fireworks AI,Sequoia Capital,Series C,2025-10-28,,CB Insights,2026-08-27
Fireworks AI,Sequoia Capital,Series B,2024-07-08,true,CB Insights,2026-08-27
Fireworks AI,AMD Ventures,Series B,2024-07-08,,CB Insights,2026-08-27
Fireworks AI,Alexandr Wang,Series B,2024-07-08,,CB Insights,2026-08-27
Fireworks AI,Benchmark,Series B,2024-07-08,,CB Insights,2026-08-27
Fireworks AI,Databricks Ventures,Series B,2024-07-08,,CB Insights,2026-08-27
Fireworks AI,Frank Slootman,Series B,2024-07-08,,CB Insights,2026-08-27
Fireworks AI,Howie Liu,Series B,2024-07-08,,CB Insights,2026-08-27
Fireworks AI,MongoDB,Series B,2024-07-08,,CB Insights,2026-08-27
Fireworks AI,NVIDIA,Series B,2024-07-08,,CB Insights,2026-08-27
Fireworks AI,Sheryl Sandberg,Series B,2024-07-08,,CB Insights,2026-08-27
Fireworks AI,Benchmark,Series A,2022-01-01,true,CB Insights,2026-08-27
Fireworks AI,Alexandr Wang,Series A,2022-01-01,,CB Insights,2026-08-27
Fireworks AI,Artisanal Ventures,Series A,2022-01-01,,CB Insights,2026-08-27
Fireworks AI,Frank Slootman,Series A,2022-01-01,,CB Insights,2026-08-27
Fireworks AI,Sequoia Capital,Series A,2022-01-01,,CB Insights,2026-08-27
Fireworks AI,Google for Startups Cloud Program,Incubator/Accelerator,,,CB Insights,2026-08-27
Lambda,Mubadala Capital,Funding - Pending,2026-01-09,true,CB Insights,2026-08-27
Lambda,TWG Global,Series E,2025-11-18,true,CB Insights,2026-08-27
Lambda,US Innovative Technology Fund,Series E,2025-11-18,,CB Insights,2026-08-27
Lambda,Public,IPO - Rumored,2025-09-11,,CB Insights,2026-08-27
Lambda,J.P. Morgan,Line of Credit - II,2025-08-19,true,CB Insights,2026-08-27
Lambda,Citigroup,Line of Credit - II,2025-08-19,,CB Insights,2026-08-27
Lambda,Credit Agricole,Line of Credit - II,2025-08-19,,CB Insights,2026-08-27
Lambda,MUFG Bank,Line of Credit - II,2025-08-19,,CB Insights,2026-08-27
Lambda,Andra Capital,Series D,2025-02-19,true,CB Insights,2026-08-27
Lambda,SGW,Series D,2025-02-19,true,CB Insights,2026-08-27
Lambda,1517 Fund,Series D,2025-02-19,,CB Insights,2026-08-27
Lambda,ARK Invest,Series D,2025-02-19,,CB Insights,2026-08-27
Lambda,Alumni Ventures,Series D,2025-02-19,,CB Insights,2026-08-27
Lambda,Andrej Karpathy,Series D,2025-02-19,,CB Insights,2026-08-27
Lambda,BNW Investment,Series D,2025-02-19,,CB Insights,2026-08-27
Lambda,Crescent Cove Advisors,Series D,2025-02-19,,CB Insights,2026-08-27
Lambda,Fincadia Capital Partners,Series D,2025-02-19,,CB Insights,2026-08-27
Lambda,G Squared,Series D,2025-02-19,,CB Insights,2026-08-27
Lambda,IQT,Series D,2025-02-19,,CB Insights,2026-08-27
Lambda,KHK & Partners,Series D,2025-02-19,,CB Insights,2026-08-27
Lambda,NVentures,Series D,2025-02-19,,CB Insights,2026-08-27
Lambda,Pegatron,Series D,2025-02-19,,CB Insights,2026-08-27
Lambda,Shinhan Investment & Securities,Series D,2025-02-19,,CB Insights,2026-08-27
Lambda,Sozo Ventures,Series D,2025-02-19,,CB Insights,2026-08-27
Lambda,Supermicro,Series D,2025-02-19,,CB Insights,2026-08-27
Lambda,US Innovative Technology Fund,Series D,2025-02-19,,CB Insights,2026-08-27
Lambda,Wistron,Series D,2025-02-19,,CB Insights,2026-08-27
Lambda,Wiwynn,Series D,2025-02-19,,CB Insights,2026-08-27
Lambda,Fabrica Ventures,Secondary Market,2025-01-15,,CB Insights,2026-08-27
Lambda,Macquarie,Line of Credit,2024-04-04,true,CB Insights,2026-08-27
Lambda,Industrial Development Funding,Line of Credit,2024-04-04,,CB Insights,2026-08-27
Lambda,US Innovative Technology Fund,Series C,2024-02-15,true,CB Insights,2026-08-27
Lambda,1517 Fund,Series C,2024-02-15,,CB Insights,2026-08-27
Lambda,Alumni Ventures,Series C,2024-02-15,,CB Insights,2026-08-27
Lambda,B Capital,Series C,2024-02-15,,CB Insights,2026-08-27
Lambda,Bloomberg Beta,Series C,2024-02-15,,CB Insights,2026-08-27
Lambda,Crescent Cove Advisors,Series C,2024-02-15,,CB Insights,2026-08-27
Lambda,Gradient Ventures,Series C,2024-02-15,,CB Insights,2026-08-27
Lambda,K2 Global,Series C,2024-02-15,,CB Insights,2026-08-27
Lambda,Mercato Partners,Series C,2024-02-15,,CB Insights,2026-08-27
Lambda,Millennia Capital,Series C,2024-02-15,,CB Insights,2026-08-27
Lambda,SK Telecom Ventures,Series C,2024-02-15,,CB Insights,2026-08-27
Lambda,Supermicro,Series C,2024-02-15,,CB Insights,2026-08-27
Lambda,T. Rowe Price,Series C,2024-02-15,,CB Insights,2026-08-27
Lambda,Mercato Partners,Series B,2022-11-17,true,CB Insights,2026-08-27
Lambda,1517 Fund,Series B,2022-11-17,,CB Insights,2026-08-27
Lambda,Adam D'Angelo,Series B,2022-11-17,,CB Insights,2026-08-27
Lambda,Bloomberg Beta,Series B,2022-11-17,,CB Insights,2026-08-27
Lambda,Crescent Cove Advisors,Series B,2022-11-17,,CB Insights,2026-08-27
Lambda,Garry Tan,Series B,2022-11-17,,CB Insights,2026-08-27
Lambda,Georges Harik,Series B,2022-11-17,,CB Insights,2026-08-27
Lambda,Gradient Ventures,Series B,2022-11-17,,CB Insights,2026-08-27
Lambda,Greg Brockman,Series B,2022-11-17,,CB Insights,2026-08-27
Lambda,Jeff Hammerbacher,Series B,2022-11-17,,CB Insights,2026-08-27
Lambda,Lukas Biewald,Series B,2022-11-17,,CB Insights,2026-08-27
Lambda,Marlin Equity Partners,Series B,2022-11-17,,CB Insights,2026-08-27
Mercor,General Catalyst,Funding - Pending,2026-07-09,true,CB Insights,2026-08-27
Mercor,NVIDIA,Funding - Pending,2026-07-09,,CB Insights,2026-08-27
Mercor,Felicis,Series C,2025-10-27,true,CB Insights,2026-08-27
Mercor,Alumni Ventures,Series C,2025-10-27,,CB Insights,2026-08-27
Mercor,Benchmark,Series C,2025-10-27,,CB Insights,2026-08-27
Mercor,Emergence Capital,Series C,2025-10-27,,CB Insights,2026-08-27
Mercor,General Catalyst,Series C,2025-10-27,,CB Insights,2026-08-27
Mercor,Kortschak Investments,Series C,2025-10-27,,CB Insights,2026-08-27
Mercor,Next Legacy Partners,Series C,2025-10-27,,CB Insights,2026-08-27
Mercor,Robin Hood Ventures,Series C,2025-10-27,,CB Insights,2026-08-27
Mercor,SquareOne Capital,Series C,2025-10-27,,CB Insights,2026-08-27
Mercor,Felicis,Series B,2025-01-27,true,CB Insights,2026-08-27
Mercor,Benchmark,Series B,2025-01-27,,CB Insights,2026-08-27
Mercor,DST Global,Series B,2025-01-27,,CB Insights,2026-08-27
Mercor,Eastlink Capital,Series B,2025-01-27,,CB Insights,2026-08-27
Mercor,Fortius Ventures,Series B,2025-01-27,,CB Insights,2026-08-27
Mercor,General Catalyst,Series B,2025-01-27,,CB Insights,2026-08-27
Mercor,Hyperlink Ventures,Series B,2025-01-27,,CB Insights,2026-08-27
Mercor,Jack Dorsey,Series B,2025-01-27,,CB Insights,2026-08-27
Mercor,Larry Summers,Series B,2025-01-27,,CB Insights,2026-08-27
Mercor,Menlo Ventures,Series B,2025-01-27,,CB Insights,2026-08-27
Mercor,Peter Thiel,Series B,2025-01-27,,CB Insights,2026-08-27
Mercor,Benchmark,Series A,2024-09-18,true,CB Insights,2026-08-27
Mercor,A* Capital,Series A,2024-09-18,,CB Insights,2026-08-27
Mercor,Adam D’Angelo,Series A,2024-09-18,,CB Insights,2026-08-27
Mercor,Chris Re,Series A,2024-09-18,,CB Insights,2026-08-27
Mercor,General Catalyst,Series A,2024-09-18,,CB Insights,2026-08-27
Mercor,Jack Dorsey,Series A,2024-09-18,,CB Insights,2026-08-27
Mercor,Larry Summers,Series A,2024-09-18,,CB Insights,2026-08-27
Mercor,Peter Thiel,Series A,2024-09-18,,CB Insights,2026-08-27
Mercor,Thiel Fellowship,Grant,2024-03-21,,CB Insights,2026-08-27
Mercor,General Catalyst,Seed VC,2024-01-14,true,CB Insights,2026-08-27
Mercor,Blue Moon VC,Seed VC,2024-01-14,,CB Insights,2026-08-27
Mercor,Fundomo,Seed VC,2024-01-14,,CB Insights,2026-08-27
Mercor,Link Ventures,Seed VC,2024-01-14,,CB Insights,2026-08-27
Mercor,Scott Sandell,Seed VC,2024-01-14,,CB Insights,2026-08-27
Mercor,Soma Capital,Seed VC,2024-01-14,,CB Insights,2026-08-27
Mercor,Firestreak,Other Investors,,,CB Insights,2026-08-27
Mercor,Kyber Knight Capital,Other Investors,,,CB Insights,2026-08-27
Mercor,SV Angel,Other Investors,,,CB Insights,2026-08-27
Neros Technologies,American Strategic Technology Fund,Series C,2026-08-11,true,CB Insights,2026-08-27
Neros Technologies,Sequoia Capital,Series C,2026-08-11,true,CB Insights,2026-08-27
Neros Technologies,Allen & Company,Series C,2026-08-11,,CB Insights,2026-08-27
Neros Technologies,Dylan Field,Series C,2026-08-11,,CB Insights,2026-08-27
Neros Technologies,Interlagos,Series C,2026-08-11,,CB Insights,2026-08-27
Neros Technologies,Spark Capital,Series C,2026-08-11,,CB Insights,2026-08-27
Neros Technologies,Thiel Capital,Series C,2026-08-11,,CB Insights,2026-08-27
Neros Technologies,Valor Equity Partners,Series C,2026-08-11,,CB Insights,2026-08-27
Neros Technologies,Sequoia Capital,Series B,2025-11-10,true,CB Insights,2026-08-27
Neros Technologies,Interlagos,Series B,2025-11-10,,CB Insights,2026-08-27
Neros Technologies,VY Capital,Series B,2025-11-10,,CB Insights,2026-08-27
Neros Technologies,Thiel Fellowship,Grant,2025-05-22,,CB Insights,2026-08-27
Neros Technologies,VY Capital,Series A,2025-03-18,true,CB Insights,2026-08-27
Neros Technologies,D3,Series A,2025-03-18,,CB Insights,2026-08-27
Neros Technologies,Interlagos,Series A,2025-03-18,,CB Insights,2026-08-27
Neros Technologies,Keller Rinaudo Cliffton,Series A,2025-03-18,,CB Insights,2026-08-27
Neros Technologies,Sequoia Capital,Series A,2025-03-18,,CB Insights,2026-08-27
Neros Technologies,Sequoia Capital,Seed VC - III,2024-05-20,true,CB Insights,2026-08-27
Neros Technologies,A* Capital,Seed VC - III,2024-05-20,,CB Insights,2026-08-27
Neros Technologies,BoxGroup,Seed VC - III,2024-05-20,,CB Insights,2026-08-27
Neros Technologies,Cantos,Seed VC - III,2024-05-20,,CB Insights,2026-08-27
Neros Technologies,D3,Seed VC - III,2024-05-20,,CB Insights,2026-08-27
Neros Technologies,Exits Capital,Seed VC - III,2024-05-20,,CB Insights,2026-08-27
Neros Technologies,Long Journey Ventures,Seed VC - III,2024-05-20,,CB Insights,2026-08-27
Neros Technologies,Peter Thiel,Seed VC - III,2024-05-20,,CB Insights,2026-08-27
Neros Technologies,VY Capital,Seed VC - III,2024-05-20,,CB Insights,2026-08-27
Neros Technologies,Fundomo,Seed VC - II,2023-01-01,,CB Insights,2026-08-27
Neros Technologies,Mana Ventures,Seed VC,,,CB Insights,2026-08-27
Neros Technologies,IQT,Other Investors,,,CB Insights,2026-08-27
Neros Technologies,Space VC,Other Investors,,,CB Insights,2026-08-27
Neros Technologies,Cantos,Pre-Seed,,true,CB Insights,2026-08-27
SambaNova Systems,General Atlantic,Series F,2026-07-08,true,CB Insights,2026-08-27
SambaNova Systems,A&E investments,Series F,2026-07-08,,CB Insights,2026-08-27
SambaNova Systems,Assam Ventures,Series F,2026-07-08,,CB Insights,2026-08-27
SambaNova Systems,Battery Ventures,Series F,2026-07-08,,CB Insights,2026-08-27
SambaNova Systems,BlackRock,Series F,2026-07-08,,CB Insights,2026-08-27
SambaNova Systems,Cambium Capital Partners,Series F,2026-07-08,,CB Insights,2026-08-27
SambaNova Systems,Capital Group,Series F,2026-07-08,,CB Insights,2026-08-27
SambaNova Systems,Intel Capital,Series F,2026-07-08,,CB Insights,2026-08-27
SambaNova Systems,Kabila,Series F,2026-07-08,,CB Insights,2026-08-27
SambaNova Systems,QFO Capital,Series F,2026-07-08,,CB Insights,2026-08-27
SambaNova Systems,Qatar Investment Authority,Series F,2026-07-08,,CB Insights,2026-08-27
SambaNova Systems,Seligman Ventures,Series F,2026-07-08,,CB Insights,2026-08-27
SambaNova Systems,T. Rowe Price,Series F,2026-07-08,,CB Insights,2026-08-27
SambaNova Systems,Vista Equity Partners,Series F,2026-07-08,,CB Insights,2026-08-27
SambaNova Systems,Volantis Capital Management,Series F,2026-07-08,,CB Insights,2026-08-27
SambaNova Systems,Cambium Capital Partners,Series E,2026-02-07,true,CB Insights,2026-08-27
SambaNova Systems,Vista Equity Partners,Series E,2026-02-07,true,CB Insights,2026-08-27
SambaNova Systems,A&E investments,Series E,2026-02-07,,CB Insights,2026-08-27
SambaNova Systems,Assam Ventures,Series E,2026-02-07,,CB Insights,2026-08-27
SambaNova Systems,Atlantic Bridge Capital,Series E,2026-02-07,,CB Insights,2026-08-27
SambaNova Systems,Battery Ventures,Series E,2026-02-07,,CB Insights,2026-08-27
SambaNova Systems,BlackRock,Series E,2026-02-07,,CB Insights,2026-08-27
SambaNova Systems,Eight Square Capital,Series E,2026-02-07,,CB Insights,2026-08-27
SambaNova Systems,First Data,Series E,2026-02-07,,CB Insights,2026-08-27
SambaNova Systems,GV,Series E,2026-02-07,,CB Insights,2026-08-27
SambaNova Systems,Gulf Energy Development Company,Series E,2026-02-07,,CB Insights,2026-08-27
SambaNova Systems,Intel,Series E,2026-02-07,,CB Insights,2026-08-27
SambaNova Systems,Mayfield,Series E,2026-02-07,,CB Insights,2026-08-27
SambaNova Systems,Nepenthe,Series E,2026-02-07,,CB Insights,2026-08-27
SambaNova Systems,Nuri Ventures,Series E,2026-02-07,,CB Insights,2026-08-27
SambaNova Systems,Redline Capital Management,Series E,2026-02-07,,CB Insights,2026-08-27
SambaNova Systems,Seligman Ventures,Series E,2026-02-07,,CB Insights,2026-08-27
SambaNova Systems,Intel,Acq - Rumored,2025-12-12,,CB Insights,2026-08-27
SambaNova Systems,IPO CLUB,Series D - II,2025-09-29,,CB Insights,2026-08-27
SambaNova Systems,CrossWork,Secondary Market,2023-06-30,,CB Insights,2026-08-27
SambaNova Systems,SoftBank,Series D,2021-04-13,true,CB Insights,2026-08-27
SambaNova Systems,BlackRock,Series D,2021-04-13,,CB Insights,2026-08-27
SambaNova Systems,Celesta Capital,Series D,2021-04-13,,CB Insights,2026-08-27
SambaNova Systems,GIC,Series D,2021-04-13,,CB Insights,2026-08-27
SambaNova Systems,GV,Series D,2021-04-13,,CB Insights,2026-08-27
SambaNova Systems,Intel Capital,Series D,2021-04-13,,CB Insights,2026-08-27
SambaNova Systems,Temasek,Series D,2021-04-13,,CB Insights,2026-08-27
SambaNova Systems,Walden International,Series D,2021-04-13,,CB Insights,2026-08-27
SambaNova Systems,BlackRock,Series C,2020-02-25,true,CB Insights,2026-08-27
SambaNova Systems,Celesta Capital,Series C,2020-02-25,,CB Insights,2026-08-27
SambaNova Systems,GV,Series C,2020-02-25,,CB Insights,2026-08-27
SambaNova Systems,Intel Capital,Series C,2020-02-25,,CB Insights,2026-08-27
SambaNova Systems,Redline Capital Management,Series C,2020-02-25,,CB Insights,2026-08-27
SambaNova Systems,Walden International,Series C,2020-02-25,,CB Insights,2026-08-27
SambaNova Systems,Intel Capital,Series B,2019-04-01,true,CB Insights,2026-08-27
SambaNova Systems,Atlantic Bridge Capital,Series B,2019-04-01,,CB Insights,2026-08-27
SambaNova Systems,GV,Series B,2019-04-01,,CB Insights,2026-08-27
SambaNova Systems,Redline Capital Management,Series B,2019-04-01,,CB Insights,2026-08-27
SambaNova Systems,Walden International,Series B,2019-04-01,,CB Insights,2026-08-27
SambaNova Systems,GV,Series A,2018-03-15,true,CB Insights,2026-08-27
SambaNova Systems,Walden International,Series A,2018-03-15,true,CB Insights,2026-08-27
SambaNova Systems,Atlantic Bridge Capital,Series A,2018-03-15,,CB Insights,2026-08-27
SambaNova Systems,Redline Capital Management,Series A,2018-03-15,,CB Insights,2026-08-27
SambaNova Systems,Celesta Capital,Seed VC,2017-11-01,,CB Insights,2026-08-27
SambaNova Systems,Berkeley Frontier Fund,Other Investors,,,CB Insights,2026-08-27
SambaNova Systems,Contrary,Other Investors,,,CB Insights,2026-08-27
SambaNova Systems,Maiora Ventures,Other Investors,,,CB Insights,2026-08-27
SambaNova Systems,Micron,Other Investors,,,CB Insights,2026-08-27
SambaNova Systems,Micron Ventures,Other Investors,,,CB Insights,2026-08-27
SambaNova Systems,Octant Ventures,Other Investors,,,CB Insights,2026-08-27
SambaNova Systems,SK Telecom Ventures,Other Investors,,,CB Insights,2026-08-27
SambaNova Systems,Samsung Catalyst,Other Investors,,,CB Insights,2026-08-27
SambaNova Systems,Saraswati Ventures,Other Investors,,,CB Insights,2026-08-27
SambaNova Systems,SoftBank Vision Fund,Other Investors,,,CB Insights,2026-08-27
SambaNova Systems,Walden Catalyst Ventures,Other Investors,,,CB Insights,2026-08-27
Sila Nanotechnologies,United States Department of War,Loan,2026-08-07,,CB Insights,2026-08-27
Sila Nanotechnologies,Atreides Management,Series H,2026-07-21,true,CB Insights,2026-08-27
Sila Nanotechnologies,Sutter Hill Ventures,Series H,2026-07-21,true,CB Insights,2026-08-27
Sila Nanotechnologies,8VC,Series H,2026-07-21,,CB Insights,2026-08-27
Sila Nanotechnologies,Bessemer Venture Partners,Series H,2026-07-21,,CB Insights,2026-08-27
Sila Nanotechnologies,Matrix Partners,Series H,2026-07-21,,CB Insights,2026-08-27
Sila Nanotechnologies,T. Rowe Price,Series H,2026-07-21,,CB Insights,2026-08-27
Sila Nanotechnologies,Sutter Hill Ventures,Series G,2024-06-27,true,CB Insights,2026-08-27
Sila Nanotechnologies,Bessemer Venture Partners,Series G,2024-06-27,,CB Insights,2026-08-27
Sila Nanotechnologies,Coatue,Series G,2024-06-27,,CB Insights,2026-08-27
Sila Nanotechnologies,Perry Creek Capital,Series G,2024-06-27,,CB Insights,2026-08-27
Sila Nanotechnologies,U.S. Department of Energy,Grant - VI,2022-10-19,,CB Insights,2026-08-27
Sila Nanotechnologies,Coatue,Series F,2021-01-26,true,CB Insights,2026-08-27
Sila Nanotechnologies,8VC,Series F,2021-01-26,,CB Insights,2026-08-27
Sila Nanotechnologies,Bessemer Venture Partners,Series F,2021-01-26,,CB Insights,2026-08-27
Sila Nanotechnologies,CPP Investments,Series F,2021-01-26,,CB Insights,2026-08-27
Sila Nanotechnologies,Sutter Hill Ventures,Series F,2021-01-26,,CB Insights,2026-08-27
Sila Nanotechnologies,T. Rowe Price,Series F,2021-01-26,,CB Insights,2026-08-27
Sila Nanotechnologies,CPP Investments,Series E - II,2019-11-04,,CB Insights,2026-08-27
Sila Nanotechnologies,8VC,Series E,2019-04-16,,CB Insights,2026-08-27
Sila Nanotechnologies,Bessemer Venture Partners,Series E,2019-04-16,,CB Insights,2026-08-27
Sila Nanotechnologies,Chengwei Capital,Series E,2019-04-16,,CB Insights,2026-08-27
Sila Nanotechnologies,Matrix Partners,Series E,2019-04-16,,CB Insights,2026-08-27
Sila Nanotechnologies,Mercedes-Benz Group,Series E,2019-04-16,,CB Insights,2026-08-27
Sila Nanotechnologies,N47,Series E,2019-04-16,,CB Insights,2026-08-27
Sila Nanotechnologies,Sutter Hill Ventures,Series E,2019-04-16,,CB Insights,2026-08-27
Sila Nanotechnologies,U.S. Department of Energy,Grant - V,2018-12-06,,CB Insights,2026-08-27
Sila Nanotechnologies,Amperex Technology,Series D,2018-08-16,,CB Insights,2026-08-27
Sila Nanotechnologies,Bessemer Venture Partners,Series D,2018-08-16,,CB Insights,2026-08-27
Sila Nanotechnologies,IQT,Series D,2018-08-16,,CB Insights,2026-08-27
Sila Nanotechnologies,N47,Series D,2018-08-16,,CB Insights,2026-08-27
Sila Nanotechnologies,Samsung,Series D,2018-08-16,,CB Insights,2026-08-27
Sila Nanotechnologies,Sutter Hill Ventures,Series D,2018-08-16,,CB Insights,2026-08-27
Sila Nanotechnologies,Bessemer Venture Partners,Series C,2016-06-18,,CB Insights,2026-08-27
Sila Nanotechnologies,U.S. Department of Energy,Grant - IV,2014-06-02,,CB Insights,2026-08-27
Luma AI,Humain,Series C,2025-11-19,true,CB Insights,2026-08-27
Luma AI,AMD Ventures,Series C,2025-11-19,,CB Insights,2026-08-27
Luma AI,Amplify Partners,Series C,2025-11-19,,CB Insights,2026-08-27
Luma AI,Andreessen Horowitz,Series C,2025-11-19,,CB Insights,2026-08-27
Luma AI,Matrix Partners,Series C,2025-11-19,,CB Insights,2026-08-27
Luma AI,AMD Ventures,Series B - II,2024-12-06,,CB Insights,2026-08-27
Luma AI,Amazon,Series B - II,2024-12-06,,CB Insights,2026-08-27
Luma AI,Amplify Partners,Series B - II,2024-12-06,,CB Insights,2026-08-27
Luma AI,Andreessen Horowitz,Series B - II,2024-12-06,,CB Insights,2026-08-27
Luma AI,Factorial Funds,Series B - II,2024-12-06,,CB Insights,2026-08-27
Luma AI,Hanwha Group,Series B - II,2024-12-06,,CB Insights,2026-08-27
Luma AI,Matrix Partners,Series B - II,2024-12-06,,CB Insights,2026-08-27
Luma AI,Amplify Partners,Series B,2024-01-09,,CB Insights,2026-08-27
Luma AI,Andreessen Horowitz,Series B,2024-01-09,,CB Insights,2026-08-27
Luma AI,Anjney Midha,Series B,2024-01-09,,CB Insights,2026-08-27
Luma AI,Matrix Partners,Series B,2024-01-09,,CB Insights,2026-08-27
Luma AI,NVentures,Series B,2024-01-09,,CB Insights,2026-08-27
Luma AI,South Park Commons,Series B,2024-01-09,,CB Insights,2026-08-27
Luma AI,David Beyer,Series A,2023-03-20,true,CB Insights,2026-08-27
Luma AI,Mike Dauber,Series A,2023-03-20,true,CB Insights,2026-08-27
Luma AI,Andreas Klinger,Series A,2023-03-20,,CB Insights,2026-08-27
Luma AI,General Catalyst,Series A,2023-03-20,,CB Insights,2026-08-27
Luma AI,Matrix Partners,Series A,2023-03-20,,CB Insights,2026-08-27
Luma AI,NVentures,Series A,2023-03-20,,CB Insights,2026-08-27
Luma AI,South Park Commons,Series A,2023-03-20,,CB Insights,2026-08-27
Luma AI,Matrix Partners,Seed VC,2021-10-29,true,CB Insights,2026-08-27
Luma AI,Amplify Partners,Seed VC,2021-10-29,,CB Insights,2026-08-27
Luma AI,Andreas Klinger,Seed VC,2021-10-29,,CB Insights,2026-08-27
Luma AI,Context Ventures,Seed VC,2021-10-29,,CB Insights,2026-08-27
Luma AI,South Park Commons,Seed VC,2021-10-29,,CB Insights,2026-08-27
Luma AI,AMD,Other Investors,,,CB Insights,2026-08-27
Luma AI,AWS & CrowdStrike Cybersecurity Accelerator,Other Investors,,,CB Insights,2026-08-27
Luma AI,AWS Activate,Other Investors,,,CB Insights,2026-08-27
Luma AI,AWS Build Accelerator program,Other Investors,,,CB Insights,2026-08-27
Luma AI,AWS EdStart,Other Investors,,,CB Insights,2026-08-27
Luma AI,AWS Education Accelerator,Other Investors,,,CB Insights,2026-08-27
Luma AI,AWS GenAI BuildPad Program,Other Investors,,,CB Insights,2026-08-27
Luma AI,AWS Generative AI Accelerator,Other Investors,,,CB Insights,2026-08-27
Luma AI,AWS Generative AI Accelerator,Other Investors,,,CB Insights,2026-08-27
Luma AI,AWS Generative AI Spotlight APJ Program,Other Investors,,,CB Insights,2026-08-27
Luma AI,AWS Global Startup program,Other Investors,,,CB Insights,2026-08-27
Luma AI,AWS GovTech Accelerator,Other Investors,,,CB Insights,2026-08-27
Luma AI,AWS ISV Accelerate Program,Other Investors,,,CB Insights,2026-08-27
Luma AI,AWS Jumpstart Program,Other Investors,,,CB Insights,2026-08-27
Luma AI,AWS Next unicorn Program,Other Investors,,,CB Insights,2026-08-27
Luma AI,AWS Public Sector Partner Program,Other Investors,,,CB Insights,2026-08-27
Luma AI,AWS Startups: Building with Llama,Other Investors,,,CB Insights,2026-08-27
Luma AI,Bessemer Venture Partners,Other Investors,,,CB Insights,2026-08-27
Luma AI,Context Ventures,Other Investors,,,CB Insights,2026-08-27
Luma AI,LDV Partners,Other Investors,,,CB Insights,2026-08-27
Luma AI,Prototype Capital,Other Investors,,,CB Insights,2026-08-27
Luma AI,a16z Bio Health,Other Investors,,,CB Insights,2026-08-27
Luma AI,a16z Talent x Opportunity Initiative,Other Investors,,,CB Insights,2026-08-27
Dexterity,Lightspeed,Series C - II,2026-06-02,,CB Insights,2026-08-27
Dexterity,Matter Venture Partners,Series C - II,2026-06-02,,CB Insights,2026-08-27
Dexterity,Lightspeed,Series C,2025-03-11,,CB Insights,2026-08-27
Dexterity,Sumitomo,Series C,2025-03-11,,CB Insights,2026-08-27
Dexterity,Kleiner Perkins,Series B,2021-10-13,true,CB Insights,2026-08-27
Dexterity,Lightspeed,Series B,2021-10-13,true,CB Insights,2026-08-27
Dexterity,B37 Ventures,Series B,2021-10-13,,CB Insights,2026-08-27
Dexterity,Obvious Ventures,Series B,2021-10-13,,CB Insights,2026-08-27
Dexterity,Presidio Ventures,Series B,2021-10-13,,CB Insights,2026-08-27
Dexterity,B37 Ventures,Series A,2020-07-22,,CB Insights,2026-08-27
Dexterity,Blackhorn Ventures,Series A,2020-07-22,,CB Insights,2026-08-27
Dexterity,Kleiner Perkins,Series A,2020-07-22,,CB Insights,2026-08-27
Dexterity,Lightspeed,Series A,2020-07-22,,CB Insights,2026-08-27
Dexterity,Liquid 2 Ventures,Series A,2020-07-22,,CB Insights,2026-08-27
Dexterity,Obvious Ventures,Series A,2020-07-22,,CB Insights,2026-08-27
Dexterity,Pacific West Bank,Series A,2020-07-22,,CB Insights,2026-08-27
Dexterity,Presidio Ventures,Series A,2020-07-22,,CB Insights,2026-08-27
Dexterity,StartX Accelerator,Series A,2020-07-22,,CB Insights,2026-08-27
Dexterity,Plug and Play,Incubator/Accelerator,2019-08-22,,CB Insights,2026-08-27
Dexterity,Liquid 2 Ventures,Seed VC,2018-01-05,,CB Insights,2026-08-27
Dexterity,Ballistic Ventures,Other Investors,,,CB Insights,2026-08-27
Dexterity,Canonical Crypto,Other Investors,,,CB Insights,2026-08-27
Dexterity,Dimension,Other Investors,,,CB Insights,2026-08-27
Dexterity,Keybridge Venture Partners,Other Investors,,,CB Insights,2026-08-27
Dexterity,Team Global,Other Investors,,,CB Insights,2026-08-27
Ambi Robotics,RBR Robotics Innovation Award,Biz Plan Competition,2026-05-12,,CB Insights,2026-08-27
Ambi Robotics,Ahren,Series B,2022-10-17,,CB Insights,2026-08-27
Ambi Robotics,Bow Ventures,Series B,2022-10-17,,CB Insights,2026-08-27
Ambi Robotics,Pitney Bowes,Series B,2022-10-17,,CB Insights,2026-08-27
Ambi Robotics,Tiger Global Management,Series B,2022-10-17,,CB Insights,2026-08-27
Ambi Robotics,National Science Foundation,Grant - II,2022-02-01,,CB Insights,2026-08-27
Ambi Robotics,Tiger Global Management,Series A,2021-09-14,true,CB Insights,2026-08-27
Ambi Robotics,Bow Ventures,Series A,2021-09-14,,CB Insights,2026-08-27
Ambi Robotics,The House Fund,Series A,2021-09-14,,CB Insights,2026-08-27
Ambi Robotics,Vertex Ventures,Series A,2021-09-14,,CB Insights,2026-08-27
Ambi Robotics,Bow Ventures,Seed VC,2021-01-06,true,CB Insights,2026-08-27
Ambi Robotics,The House Fund,Seed VC,2021-01-06,true,CB Insights,2026-08-27
Ambi Robotics,Vertex Ventures,Seed VC,2021-01-06,true,CB Insights,2026-08-27
Ambi Robotics,Berkeley SkyDeck,Seed VC,2021-01-06,,CB Insights,2026-08-27
Ambi Robotics,Pixel Perfect Ventures,Seed VC,2021-01-06,,CB Insights,2026-08-27
Ambi Robotics,National Science Foundation,Grant,2020-06-01,,CB Insights,2026-08-27
Ambi Robotics,Berkeley SkyDeck,Incubator/Accelerator,2019-01-01,,CB Insights,2026-08-27
Ambi Robotics,RBR Robotics Innovation Award,Other Investors,,,CB Insights,2026-08-27
Ambi Robotics,Vertex Holdings,Other Investors,,,CB Insights,2026-08-27
Ambi Robotics,Plug and Play,Incubator/Accelerator - II,,,CB Insights,2026-08-27
Chai Discovery,Index Ventures,Series C,2026-06-04,true,CB Insights,2026-08-27
Chai Discovery,Avenir,Series C,2026-06-04,,CB Insights,2026-08-27
Chai Discovery,Avra Capital,Series C,2026-06-04,,CB Insights,2026-08-27
Chai Discovery,BDT & MSD Partners,Series C,2026-06-04,,CB Insights,2026-08-27
Chai Discovery,Baillie Gifford,Series C,2026-06-04,,CB Insights,2026-08-27
Chai Discovery,Bain Capital Ventures,Series C,2026-06-04,,CB Insights,2026-08-27
Chai Discovery,Battery Ventures,Series C,2026-06-04,,CB Insights,2026-08-27
Chai Discovery,DIMENSION,Series C,2026-06-04,,CB Insights,2026-08-27
Chai Discovery,General Catalyst,Series C,2026-06-04,,CB Insights,2026-08-27
Chai Discovery,Glade Brook Capital,Series C,2026-06-04,,CB Insights,2026-08-27
Chai Discovery,Kleiner Perkins,Series C,2026-06-04,,CB Insights,2026-08-27
Chai Discovery,Lachy Groom,Series C,2026-06-04,,CB Insights,2026-08-27
Chai Discovery,Menlo Ventures,Series C,2026-06-04,,CB Insights,2026-08-27
Chai Discovery,Oak HC/FT,Series C,2026-06-04,,CB Insights,2026-08-27
Chai Discovery,OpenAI,Series C,2026-06-04,,CB Insights,2026-08-27
Chai Discovery,Sapphire Ventures,Series C,2026-06-04,,CB Insights,2026-08-27
Chai Discovery,Sequoia Capital,Series C,2026-06-04,,CB Insights,2026-08-27
Chai Discovery,Thrive Capital,Series C,2026-06-04,,CB Insights,2026-08-27
Chai Discovery,Yosemite,Series C,2026-06-04,,CB Insights,2026-08-27
Chai Discovery,General Catalyst,Series B,2025-12-15,true,CB Insights,2026-08-27
Chai Discovery,Oak HC/FT,Series B,2025-12-15,true,CB Insights,2026-08-27
Chai Discovery,Dimension,Series B,2025-12-15,,CB Insights,2026-08-27
Chai Discovery,Emerson Collective,Series B,2025-12-15,,CB Insights,2026-08-27
Chai Discovery,Glade Brook Capital,Series B,2025-12-15,,CB Insights,2026-08-27
Chai Discovery,Lachy Groom,Series B,2025-12-15,,CB Insights,2026-08-27
Chai Discovery,Menlo Ventures,Series B,2025-12-15,,CB Insights,2026-08-27
Chai Discovery,Neo,Series B,2025-12-15,,CB Insights,2026-08-27
Chai Discovery,OpenAI,Series B,2025-12-15,,CB Insights,2026-08-27
Chai Discovery,SV Angel,Series B,2025-12-15,,CB Insights,2026-08-27
Chai Discovery,Thrive Capital,Series B,2025-12-15,,CB Insights,2026-08-27
Chai Discovery,Yosemite,Series B,2025-12-15,,CB Insights,2026-08-27
Chai Discovery,AWS Generative AI Accelerator,Incubator/Accelerator,2025-10-15,,CB Insights,2026-08-27
Chai Discovery,Menlo Ventures,Series A,2025-08-07,true,CB Insights,2026-08-27
Chai Discovery,Avenir,Series A,2025-08-07,,CB Insights,2026-08-27
Chai Discovery,DCVC,Series A,2025-08-07,,CB Insights,2026-08-27
Chai Discovery,DST Global,Series A,2025-08-07,,CB Insights,2026-08-27
Chai Discovery,Dimension,Series A,2025-08-07,,CB Insights,2026-08-27
Chai Discovery,Fred Ehrsam,Series A,2025-08-07,,CB Insights,2026-08-27
Chai Discovery,Lachy Groom,Series A,2025-08-07,,CB Insights,2026-08-27
Chai Discovery,Neo,Series A,2025-08-07,,CB Insights,2026-08-27
Chai Discovery,OpenAI,Series A,2025-08-07,,CB Insights,2026-08-27
Chai Discovery,SV Angel,Series A,2025-08-07,,CB Insights,2026-08-27
Chai Discovery,Thrive Capital,Series A,2025-08-07,,CB Insights,2026-08-27
Chai Discovery,Yosemite,Series A,2025-08-07,,CB Insights,2026-08-27
Chai Discovery,Flat Capital,Seed,2025-01-21,,CB Insights,2026-08-27
Chai Discovery,OpenAI,Seed VC,2024-09-09,true,CB Insights,2026-08-27
Chai Discovery,Amplify Partners,Seed VC,2024-09-09,,CB Insights,2026-08-27
Chai Discovery,Conviction Capital,Seed VC,2024-09-09,,CB Insights,2026-08-27
Chai Discovery,Dimension Capital Management,Seed VC,2024-09-09,,CB Insights,2026-08-27
Chai Discovery,Lachy Groom,Seed VC,2024-09-09,,CB Insights,2026-08-27
Chai Discovery,Neo,Seed VC,2024-09-09,,CB Insights,2026-08-27
Chai Discovery,Thrive Capital,Seed VC,2024-09-09,,CB Insights,2026-08-27
Chai Discovery,AWS & CrowdStrike Cybersecurity Accelerator,Other Investors,,,CB Insights,2026-08-27
Chai Discovery,AWS Build Accelerator program,Other Investors,,,CB Insights,2026-08-27
Chai Discovery,AWS EdStart,Other Investors,,,CB Insights,2026-08-27
Chai Discovery,AWS Education Accelerator,Other Investors,,,CB Insights,2026-08-27
Chai Discovery,AWS GenAI BuildPad Program,Other Investors,,,CB Insights,2026-08-27
Chai Discovery,AWS Generative AI Accelerator,Other Investors,,,CB Insights,2026-08-27
Chai Discovery,AWS Generative AI Spotlight APJ Program,Other Investors,,,CB Insights,2026-08-27
Chai Discovery,AWS Global Startup program,Other Investors,,,CB Insights,2026-08-27
Chai Discovery,AWS GovTech Accelerator,Other Investors,,,CB Insights,2026-08-27
Chai Discovery,AWS ISV Accelerate Program,Other Investors,,,CB Insights,2026-08-27
Chai Discovery,AWS Joint Innovation Center,Other Investors,,,CB Insights,2026-08-27
Chai Discovery,AWS Jumpstart Program,Other Investors,,,CB Insights,2026-08-27
Chai Discovery,AWS Next unicorn Program,Other Investors,,,CB Insights,2026-08-27
Chai Discovery,AWS Public Sector Partner Program,Other Investors,,,CB Insights,2026-08-27
Chai Discovery,AWS Startups: Building with Llama,Other Investors,,,CB Insights,2026-08-27
Chai Discovery,Avenir,Other Investors,,,CB Insights,2026-08-27
Chai Discovery,Bessemer Venture Partners,Other Investors,,,CB Insights,2026-08-27
Chai Discovery,Byers Capital,Other Investors,,,CB Insights,2026-08-27
Chai Discovery,Conviction Embed,Other Investors,,,CB Insights,2026-08-27
Chai Discovery,DCVC Bio,Other Investors,,,CB Insights,2026-08-27
Chai Discovery,Dimension,Other Investors,,,CB Insights,2026-08-27
Chai Discovery,Lux Capital,Other Investors,,,CB Insights,2026-08-27
Chai Discovery,Octant Ventures,Other Investors,,,CB Insights,2026-08-27
Chai Discovery,Scribble Ventures,Other Investors,,,CB Insights,2026-08-27
Epicrispr Biotechnologies,Janus Henderson Investors,Series C,2026-08-11,true,CB Insights,2026-08-27
Epicrispr Biotechnologies,Octagon Capital,Series C,2026-08-11,true,CB Insights,2026-08-27
Epicrispr Biotechnologies,Angelini Ventures,Series C,2026-08-11,,CB Insights,2026-08-27
Epicrispr Biotechnologies,Cormorant Asset Management,Series C,2026-08-11,,CB Insights,2026-08-27
Epicrispr Biotechnologies,Duquesne Family Office,Series C,2026-08-11,,CB Insights,2026-08-27
Epicrispr Biotechnologies,Fidelity Investments,Series C,2026-08-11,,CB Insights,2026-08-27
Epicrispr Biotechnologies,Readout Capital,Series C,2026-08-11,,CB Insights,2026-08-27
Epicrispr Biotechnologies,Sanofi Ventures,Series C,2026-08-11,,CB Insights,2026-08-27
Epicrispr Biotechnologies,abrdn,Series C,2026-08-11,,CB Insights,2026-08-27
Epicrispr Biotechnologies,Ally Bridge Group,Series B,2025-03-26,true,CB Insights,2026-08-27
Epicrispr Biotechnologies,Solve FSHD,Series B,2025-03-26,,CB Insights,2026-08-27
Epicrispr Biotechnologies,Solve FSHD,Series A - II,2023-04-18,,CB Insights,2026-08-27
Epicrispr Biotechnologies,Stanford University,Spinoff / Spinout,2018-01-01,,CB Insights,2026-08-27
Epicrispr Biotechnologies,LDV Partners,Other Investors,,,CB Insights,2026-08-27
Freenome,Perceptive Advisors,PIPE,2026-07-20,true,CB Insights,2026-08-27
Freenome,RA Capital Management,PIPE,2026-07-20,true,CB Insights,2026-08-27
Freenome,ADAR1 Capital,PIPE,2026-07-20,,CB Insights,2026-08-27
Freenome,Bain Capital Life Sciences,PIPE,2026-07-20,,CB Insights,2026-08-27
Freenome,Farallon Capital Management,PIPE,2026-07-20,,CB Insights,2026-08-27
Freenome,Roche,Corporate Minority,2025-11-18,,CB Insights,2026-08-27
Freenome,Perceptive Capital Solutions,Reverse Merger,2025-07-20,,CB Insights,2026-08-27
Freenome,Roche,Series F,2024-02-15,true,CB Insights,2026-08-27
Freenome,Andreessen Horowitz,Series F,2024-02-15,,CB Insights,2026-08-27
Freenome,Ark Ventures,Series F,2024-02-15,,CB Insights,2026-08-27
Freenome,ArrowMark Partners,Series F,2024-02-15,,CB Insights,2026-08-27
Freenome,Artis Ventures,Series F,2024-02-15,,CB Insights,2026-08-27
Freenome,Bain Capital Life Sciences,Series F,2024-02-15,,CB Insights,2026-08-27
Freenome,BrightEdge,Series F,2024-02-15,,CB Insights,2026-08-27
Freenome,Cormorant Capital,Series F,2024-02-15,,CB Insights,2026-08-27
Freenome,DCVC,Series F,2024-02-15,,CB Insights,2026-08-27
Freenome,Eventide Asset Management,Series F,2024-02-15,,CB Insights,2026-08-27
Freenome,Intermountain Ventures,Series F,2024-02-15,,CB Insights,2026-08-27
Freenome,Perceptive Advisors,Series F,2024-02-15,,CB Insights,2026-08-27
Freenome,Polaris Partners,Series F,2024-02-15,,CB Insights,2026-08-27
Freenome,Pura Vida Investments,Series F,2024-02-15,,CB Insights,2026-08-27
Freenome,Quest Diagnostics,Series F,2024-02-15,,CB Insights,2026-08-27
Freenome,RA Capital Management,Series F,2024-02-15,,CB Insights,2026-08-27
Freenome,Sands Capital,Series F,2024-02-15,,CB Insights,2026-08-27
Freenome,Section 32,Series F,2024-02-15,,CB Insights,2026-08-27
Freenome,Squarepoint Capital,Series F,2024-02-15,,CB Insights,2026-08-27
Freenome,T. Rowe Price,Series F,2024-02-15,,CB Insights,2026-08-27
Freenome,Averin Capital,Unattributed VC,2023-01-01,,CB Insights,2026-08-27
Freenome,Roche Venture Fund,Series E,2022-01-11,,CB Insights,2026-08-27
Freenome,Perceptive Advisors,Series D,2021-12-07,true,CB Insights,2026-08-27
Freenome,RA Capital Management,Series D,2021-12-07,true,CB Insights,2026-08-27
Freenome,Andreessen Horowitz,Series D,2021-12-07,,CB Insights,2026-08-27
Freenome,Bain Capital,Series D,2021-12-07,,CB Insights,2026-08-27
Freenome,Fidelity Investments,Series D,2021-12-07,,CB Insights,2026-08-27
Freenome,HBM Healthcare Investments,Series D,2021-12-07,,CB Insights,2026-08-27
Freenome,Janus Henderson Investors,Series D,2021-12-07,,CB Insights,2026-08-27
Freenome,T. Rowe Price,Series D,2021-12-07,,CB Insights,2026-08-27
Freenome,Bain Capital,Series C,2020-08-26,true,CB Insights,2026-08-27
Freenome,Perceptive Advisors,Series C,2020-08-26,true,CB Insights,2026-08-27
Freenome,Andreessen Horowitz,Series C,2020-08-26,,CB Insights,2026-08-27
Freenome,BrightEdge,Series C,2020-08-26,,CB Insights,2026-08-27
Freenome,Catalio Capital Management,Series C,2020-08-26,,CB Insights,2026-08-27
Freenome,Colorectal Cancer Alliance,Series C,2020-08-26,,CB Insights,2026-08-27
Freenome,Cormorant Asset Management,Series C,2020-08-26,,CB Insights,2026-08-27
Freenome,DCVC,Series C,2020-08-26,,CB Insights,2026-08-27
Freenome,EcoR1 Capital,Series C,2020-08-26,,CB Insights,2026-08-27
Freenome,Farallon Capital Management,Series C,2020-08-26,,CB Insights,2026-08-27
Freenome,Fidelity Investments,Series C,2020-08-26,,CB Insights,2026-08-27
Freenome,GV,Series C,2020-08-26,,CB Insights,2026-08-27
Freenome,Janus Henderson Investors,Series C,2020-08-26,,CB Insights,2026-08-27
Freenome,Kaiser Permanente Ventures,Series C,2020-08-26,,CB Insights,2026-08-27
Freenome,Novartis,Series C,2020-08-26,,CB Insights,2026-08-27
Freenome,Polaris Partners,Series C,2020-08-26,,CB Insights,2026-08-27
Freenome,RA Capital Management,Series C,2020-08-26,,CB Insights,2026-08-27
Freenome,Roche Venture Fund,Series C,2020-08-26,,CB Insights,2026-08-27
Freenome,Rock Springs Capital,Series C,2020-08-26,,CB Insights,2026-08-27
Freenome,Sands Capital,Series C,2020-08-26,,CB Insights,2026-08-27
Freenome,Section 32,Series C,2020-08-26,,CB Insights,2026-08-27
Freenome,Soleus Capital Management,Series C,2020-08-26,,CB Insights,2026-08-27
Freenome,T. Rowe Price,Series C,2020-08-26,,CB Insights,2026-08-27
Freenome,dRx Capital,Series C,2020-08-26,,CB Insights,2026-08-27
Freenome,Polaris Partners,Series B,2019-07-24,true,CB Insights,2026-08-27
Freenome,RA Capital Management,Series B,2019-07-24,true,CB Insights,2026-08-27
Freenome,Andreessen Horowitz,Series B,2019-07-24,,CB Insights,2026-08-27
Freenome,Artis Ventures,Series B,2019-07-24,,CB Insights,2026-08-27
Freenome,BrightEdge,Series B,2019-07-24,,CB Insights,2026-08-27
Freenome,DCVC,Series B,2019-07-24,,CB Insights,2026-08-27
Freenome,GV,Series B,2019-07-24,,CB Insights,2026-08-27
Freenome,Kaiser Permanente Ventures,Series B,2019-07-24,,CB Insights,2026-08-27
Freenome,National Cancer Institute,Series B,2019-07-24,,CB Insights,2026-08-27
Freenome,Perceptive Advisors,Series B,2019-07-24,,CB Insights,2026-08-27
Freenome,Roche Venture Fund,Series B,2019-07-24,,CB Insights,2026-08-27
Freenome,Section 32,Series B,2019-07-24,,CB Insights,2026-08-27
Freenome,T. Rowe Price,Series B,2019-07-24,,CB Insights,2026-08-27
Freenome,Verily,Series B,2019-07-24,,CB Insights,2026-08-27
Freenome,dRx Capital,Series B,2019-07-24,,CB Insights,2026-08-27
Freenome,Christian Doppler Research Association,Grant,2018-06-28,,CB Insights,2026-08-27
Freenome,Anne Wojcicki,Series A - II,2017-08-14,,CB Insights,2026-08-27
Freenome,Section 32,Series A - II,2017-08-14,,CB Insights,2026-08-27
Freenome,Andreessen Horowitz,Series A,2017-03-01,true,CB Insights,2026-08-27
Freenome,AME Cloud Ventures,Series A,2017-03-01,,CB Insights,2026-08-27
Freenome,Allen & Company,Series A,2017-03-01,,CB Insights,2026-08-27
Freenome,Asset Management Ventures,Series A,2017-03-01,,CB Insights,2026-08-27
Freenome,CRV,Series A,2017-03-01,,CB Insights,2026-08-27
Freenome,DCVC,Series A,2017-03-01,,CB Insights,2026-08-27
Freenome,Founders Fund,Series A,2017-03-01,,CB Insights,2026-08-27
Freenome,GV,Series A,2017-03-01,,CB Insights,2026-08-27
Freenome,Innovation Endeavors,Series A,2017-03-01,,CB Insights,2026-08-27
Freenome,Polaris Partners,Series A,2017-03-01,,CB Insights,2026-08-27
Freenome,Verily,Series A,2017-03-01,,CB Insights,2026-08-27
Freenome,s28 Capital,Series A,2017-03-01,,CB Insights,2026-08-27
Glean,Wellington Management,Series F,2025-06-10,true,CB Insights,2026-08-27
Glean,Altimeter Capital,Series F,2025-06-10,,CB Insights,2026-08-27
Glean,Archerman Capital,Series F,2025-06-10,,CB Insights,2026-08-27
Glean,Axevil Capital,Series F,2025-06-10,,CB Insights,2026-08-27
Glean,Bicycle Capital,Series F,2025-06-10,,CB Insights,2026-08-27
Glean,Capital One Ventures,Series F,2025-06-10,,CB Insights,2026-08-27
Glean,Citi Ventures,Series F,2025-06-10,,CB Insights,2026-08-27
Glean,Coatue,Series F,2025-06-10,,CB Insights,2026-08-27
Glean,DST Global,Series F,2025-06-10,,CB Insights,2026-08-27
Glean,General Catalyst,Series F,2025-06-10,,CB Insights,2026-08-27
Glean,Geodesic Capital,Series F,2025-06-10,,CB Insights,2026-08-27
Glean,ICONIQ Growth,Series F,2025-06-10,,CB Insights,2026-08-27
Glean,Institutional Venture Partners,Series F,2025-06-10,,CB Insights,2026-08-27
Glean,Khosla Ventures,Series F,2025-06-10,,CB Insights,2026-08-27
Glean,Kleiner Perkins,Series F,2025-06-10,,CB Insights,2026-08-27
Glean,Latitude Capital,Series F,2025-06-10,,CB Insights,2026-08-27
Glean,Lightspeed,Series F,2025-06-10,,CB Insights,2026-08-27
Glean,Millennia Capital,Series F,2025-06-10,,CB Insights,2026-08-27
Glean,Rigby Technology Investments,Series F,2025-06-10,,CB Insights,2026-08-27
Glean,Sapphire Ventures,Series F,2025-06-10,,CB Insights,2026-08-27
Glean,Sequoia Capital,Series F,2025-06-10,,CB Insights,2026-08-27
Glean,Fabrica Ventures,Secondary Market,2025-01-22,,CB Insights,2026-08-27
Glean,Altimeter Capital,Series E,2024-09-10,true,CB Insights,2026-08-27
Glean,DST Global,Series E,2024-09-10,true,CB Insights,2026-08-27
Glean,Coatue,Series E,2024-09-10,,CB Insights,2026-08-27
Glean,Craft Ventures,Series E,2024-09-10,,CB Insights,2026-08-27
Glean,Dash VC,Series E,2024-09-10,,CB Insights,2026-08-27
Glean,General Catalyst,Series E,2024-09-10,,CB Insights,2026-08-27
Glean,ICONIQ Growth,Series E,2024-09-10,,CB Insights,2026-08-27
Glean,Institutional Venture Partners,Series E,2024-09-10,,CB Insights,2026-08-27
Glean,Kleiner Perkins,Series E,2024-09-10,,CB Insights,2026-08-27
Glean,Latitude Capital,Series E,2024-09-10,,CB Insights,2026-08-27
Glean,Lightspeed,Series E,2024-09-10,,CB Insights,2026-08-27
Glean,Sapphire Ventures,Series E,2024-09-10,,CB Insights,2026-08-27
Glean,Sequoia Capital,Series E,2024-09-10,,CB Insights,2026-08-27
Glean,SoftBank Vision Fund,Series E,2024-09-10,,CB Insights,2026-08-27
Glean,Plug and Play Silicon Valley summit,Incubator/Accelerator,2024-04-04,,CB Insights,2026-08-27
Glean,Kleiner Perkins,Series D,2024-02-27,true,CB Insights,2026-08-27
Glean,Lightspeed,Series D,2024-02-27,true,CB Insights,2026-08-27
Glean,Adams Street,Series D,2024-02-27,,CB Insights,2026-08-27
Glean,Capital One Ventures,Series D,2024-02-27,,CB Insights,2026-08-27
Glean,Citi Ventures,Series D,2024-02-27,,CB Insights,2026-08-27
Glean,Coatue,Series D,2024-02-27,,CB Insights,2026-08-27
Glean,Databricks Ventures,Series D,2024-02-27,,CB Insights,2026-08-27
Glean,General Catalyst,Series D,2024-02-27,,CB Insights,2026-08-27
Glean,ICONIQ Growth,Series D,2024-02-27,,CB Insights,2026-08-27
Glean,Institutional Venture Partners,Series D,2024-02-27,,CB Insights,2026-08-27
Glean,Latitude Capital,Series D,2024-02-27,,CB Insights,2026-08-27
Glean,Sequoia Capital,Series D,2024-02-27,,CB Insights,2026-08-27
Glean,Workday Ventures,Series D,2024-02-27,,CB Insights,2026-08-27
Glean,Sequoia Capital,Series C,2022-05-18,true,CB Insights,2026-08-27
Glean,General Catalyst,Series C,2022-05-18,,CB Insights,2026-08-27
Glean,Kleiner Perkins,Series C,2022-05-18,,CB Insights,2026-08-27
Glean,Lightspeed,Series C,2022-05-18,,CB Insights,2026-08-27
Glean,Slack Fund,Series C,2022-05-18,,CB Insights,2026-08-27
Glean,General Catalyst,Series B,2021-06-15,true,CB Insights,2026-08-27
Glean,Kleiner Perkins,Series A,2019-01-01,true,CB Insights,2026-08-27
Glean,Lightspeed,Series A,2019-01-01,true,CB Insights,2026-08-27
Glean,Slack Fund,Series A,2019-01-01,,CB Insights,2026-08-27
Glean,AI Futures Fund,Other Investors,,,CB Insights,2026-08-27
Glean,AJI Capital,Other Investors,,,CB Insights,2026-08-27
Glean,APL Ventures,Other Investors,,,CB Insights,2026-08-27
Glean,Advaita Capital,Other Investors,,,CB Insights,2026-08-27
Glean,Cold Start Ventures,Other Investors,,,CB Insights,2026-08-27
Glean,IU LAB Lifetech Accelerator,Other Investors,,,CB Insights,2026-08-27
Glean,Manhattan Venture Partners,Other Investors,,,CB Insights,2026-08-27
Glean,Morocco Accelerator,Other Investors,,,CB Insights,2026-08-27
Glean,New Jersey AI Innovation Challenge,Other Investors,,,CB Insights,2026-08-27
Glean,Okeanos,Other Investors,,,CB Insights,2026-08-27
Glean,One Capital,Other Investors,,,CB Insights,2026-08-27
Glean,Plug and Play Brand & Retail,Other Investors,,,CB Insights,2026-08-27
Glean,Plug and Play Seattle,Other Investors,,,CB Insights,2026-08-27
Glean,Plug and Play Taiwan,Other Investors,,,CB Insights,2026-08-27
Glean,Plug and Play Tirana,Other Investors,,,CB Insights,2026-08-27
Glean,Plug and Play Travel & Hospitality,Other Investors,,,CB Insights,2026-08-27
Glean,Plug and Play’s Animal Health Accelerator,Other Investors,,,CB Insights,2026-08-27
Glean,XDC Real World Asset Accelerator Program,Other Investors,,,CB Insights,2026-08-27
Hippocratic AI,Avenir,Series C,2025-11-03,true,CB Insights,2026-08-27
Hippocratic AI,Alphabet,Series C,2025-11-03,,CB Insights,2026-08-27
Hippocratic AI,Andreessen Horowitz,Series C,2025-11-03,,CB Insights,2026-08-27
Hippocratic AI,CapitalG,Series C,2025-11-03,,CB Insights,2026-08-27
Hippocratic AI,Cincinnati Children's Hospital Medical Center,Series C,2025-11-03,,CB Insights,2026-08-27
Hippocratic AI,Founders Circle Capital,Series C,2025-11-03,,CB Insights,2026-08-27
Hippocratic AI,General Catalyst,Series C,2025-11-03,,CB Insights,2026-08-27
Hippocratic AI,John Doerr,Series C,2025-11-03,,CB Insights,2026-08-27
Hippocratic AI,Kleiner Perkins,Series C,2025-11-03,,CB Insights,2026-08-27
Hippocratic AI,Premji Invest,Series C,2025-11-03,,CB Insights,2026-08-27
Hippocratic AI,Rick Klausner,Series C,2025-11-03,,CB Insights,2026-08-27
Hippocratic AI,Universal Health Services,Series C,2025-11-03,,CB Insights,2026-08-27
Hippocratic AI,WellSpan Health,Series C,2025-11-03,,CB Insights,2026-08-27
Hippocratic AI,Hakluyt Capital,Unattributed VC,2025-06-01,,CB Insights,2026-08-27
Hippocratic AI,EUCALIA,Corporate Minority,2025-05-07,,CB Insights,2026-08-27
Hippocratic AI,Kleiner Perkins,Series B,2025-01-09,true,CB Insights,2026-08-27
Hippocratic AI,Andreessen Horowitz,Series B,2025-01-09,,CB Insights,2026-08-27
Hippocratic AI,General Catalyst,Series B,2025-01-09,,CB Insights,2026-08-27
Hippocratic AI,NVentures,Series B,2025-01-09,,CB Insights,2026-08-27
Hippocratic AI,Premji Invest,Series B,2025-01-09,,CB Insights,2026-08-27
Hippocratic AI,SV Angel,Series B,2025-01-09,,CB Insights,2026-08-27
Hippocratic AI,Universal Health Services,Series B,2025-01-09,,CB Insights,2026-08-27
Hippocratic AI,WellSpan Health,Series B,2025-01-09,,CB Insights,2026-08-27
Hippocratic AI,NVentures,Series A - II,2024-09-19,true,CB Insights,2026-08-27
Hippocratic AI,Greycroft,Series A - II,2024-09-19,,CB Insights,2026-08-27
Hippocratic AI,Lee Shapiro,Series A - II,2024-09-19,,CB Insights,2026-08-27
Hippocratic AI,General Catalyst,Series A,2024-03-18,true,CB Insights,2026-08-27
Hippocratic AI,Premji Invest,Series A,2024-03-18,true,CB Insights,2026-08-27
Hippocratic AI,Cincinnati Children's Hospital Medical Center,Series A,2024-03-18,,CB Insights,2026-08-27
Hippocratic AI,Memorial Hermann,Series A,2024-03-18,,CB Insights,2026-08-27
Hippocratic AI,SV Angel,Series A,2024-03-18,,CB Insights,2026-08-27
Hippocratic AI,Universal Health Services,Series A,2024-03-18,,CB Insights,2026-08-27
Hippocratic AI,WellSpan Health,Series A,2024-03-18,,CB Insights,2026-08-27
Hippocratic AI,a16z Bio Health,Series A,2024-03-18,,CB Insights,2026-08-27
Hippocratic AI,Craft Ventures,Seed VC - II,2023-07-25,true,CB Insights,2026-08-27
Hippocratic AI,Obvious Ventures,Seed VC - II,2023-07-25,true,CB Insights,2026-08-27
Hippocratic AI,Andreessen Horowitz,Seed VC,2023-05-16,true,CB Insights,2026-08-27
Hippocratic AI,General Catalyst,Seed VC,2023-05-16,true,CB Insights,2026-08-27
Hippocratic AI,Anand Chandrasekaran,Seed VC,2023-05-16,,CB Insights,2026-08-27
Moon Surgical,NVentures,Series B,2023-05-17,true,CB Insights,2026-08-27
Moon Surgical,Sofinnova Partners,Series B,2023-05-17,true,CB Insights,2026-08-27
Moon Surgical,Cathay Capital,Series B,2023-05-17,,CB Insights,2026-08-27
Moon Surgical,Fred Moll,Series B,2023-05-17,,CB Insights,2026-08-27
Moon Surgical,GT Healthcare Capital Partners,Series B,2023-05-17,,CB Insights,2026-08-27
Moon Surgical,Johnson & Johnson Innovation,Series B,2023-05-17,,CB Insights,2026-08-27
Moon Surgical,Josh Makower,Series B,2023-05-17,,CB Insights,2026-08-27
Moon Surgical,MD Start,Series B,2023-05-17,,CB Insights,2026-08-27
Moon Surgical,Richard Leparmentier,Series B,2023-05-17,,CB Insights,2026-08-27
Moon Surgical,Sacha Loiseau,Series B,2023-05-17,,CB Insights,2026-08-27
Moon Surgical,Siddarth Satish,Series B,2023-05-17,,CB Insights,2026-08-27
Moon Surgical,Yann Fleureau,Series B,2023-05-17,,CB Insights,2026-08-27
Moon Surgical,NVIDIA Inception Program,Incubator/Accelerator - II,2022-09-20,,CB Insights,2026-08-27
Moon Surgical,GT Healthcare Capital Partners,Series A,2022-06-07,true,CB Insights,2026-08-27
Moon Surgical,Cathay Capital,Series A,2022-06-07,,CB Insights,2026-08-27
Moon Surgical,Johnson & Johnson Innovation,Series A,2022-06-07,,CB Insights,2026-08-27
Moon Surgical,MD Start,Series A,2022-06-07,,CB Insights,2026-08-27
Moon Surgical,Richard Leparmentier,Series A,2022-06-07,,CB Insights,2026-08-27
Moon Surgical,Sacha Loiseau,Series A,2022-06-07,,CB Insights,2026-08-27
Moon Surgical,Siddarth Satish,Series A,2022-06-07,,CB Insights,2026-08-27
Moon Surgical,Sofinnova Partners,Series A,2022-06-07,,CB Insights,2026-08-27
Moon Surgical,Yann Fleureau,Series A,2022-06-07,,CB Insights,2026-08-27
Moon Surgical,MedTech Innovator,Incubator/Accelerator,2022-06-07,,CB Insights,2026-08-27
Moon Surgical,Sofinnova Partners,Seed VC,2020-07-02,,CB Insights,2026-08-27
Moon Surgical,i-Nov Innovation Award,Grant,2020-07-02,,CB Insights,2026-08-27
Moon Surgical,Canonical Crypto,Other Investors,,,CB Insights,2026-08-27
Moon Surgical,EQNX,Other Investors,,,CB Insights,2026-08-27
Moon Surgical,Octopus Ventures,Other Investors,,,CB Insights,2026-08-27
Neuralink,Oman Investment Authority,Series E - II,2026-05-06,,CB Insights,2026-08-27
Neuralink,Founders Fund,Series E,2025-05-27,true,CB Insights,2026-08-27
Neuralink,GV,Series E,2025-05-27,true,CB Insights,2026-08-27
Neuralink,ARK Invest,Series E,2025-05-27,,CB Insights,2026-08-27
Neuralink,CoreNest,Series E,2025-05-27,,CB Insights,2026-08-27
Neuralink,DFJ Growth Fund,Series E,2025-05-27,,CB Insights,2026-08-27
Neuralink,Delphi Ventures,Series E,2025-05-27,,CB Insights,2026-08-27
Neuralink,G42,Series E,2025-05-27,,CB Insights,2026-08-27
Neuralink,Human Capital,Series E,2025-05-27,,CB Insights,2026-08-27
Neuralink,K5 Global Technology,Series E,2025-05-27,,CB Insights,2026-08-27
Neuralink,Lightspeed,Series E,2025-05-27,,CB Insights,2026-08-27
Neuralink,Qatar Investment Authority,Series E,2025-05-27,,CB Insights,2026-08-27
Neuralink,Sequoia Capital,Series E,2025-05-27,,CB Insights,2026-08-27
Neuralink,Team Ignite Ventures,Series E,2025-05-27,,CB Insights,2026-08-27
Neuralink,Thrive Capital,Series E,2025-05-27,,CB Insights,2026-08-27
Neuralink,VY Capital,Series E,2025-05-27,,CB Insights,2026-08-27
Neuralink,Valor Equity Partners,Series E,2025-05-27,,CB Insights,2026-08-27
Neuralink,Founders Fund,Series D,2023-08-07,true,CB Insights,2026-08-27
Neuralink,Advaita Capital,Series D,2023-08-07,,CB Insights,2026-08-27
Neuralink,E1 Ventures,Series D,2023-08-07,,CB Insights,2026-08-27
Neuralink,ECI Group,Series D,2023-08-07,,CB Insights,2026-08-27
Neuralink,MicroVentures,Series D,2023-08-07,,CB Insights,2026-08-27
Neuralink,Redefine Ventures,Series D,2023-08-07,,CB Insights,2026-08-27
Neuralink,Setcoin Group,Series D,2023-08-07,,CB Insights,2026-08-27
Neuralink,Soul Ventures,Series D,2023-08-07,,CB Insights,2026-08-27
Neuralink,Type One Ventures,Series D,2023-08-07,,CB Insights,2026-08-27
Neuralink,VY Capital,Series C,2021-07-30,true,CB Insights,2026-08-27
Neuralink,Blake Byers,Series C,2021-07-30,,CB Insights,2026-08-27
Neuralink,Craft Ventures,Series C,2021-07-30,,CB Insights,2026-08-27
Neuralink,DFJ Growth Fund,Series C,2021-07-30,,CB Insights,2026-08-27
Neuralink,Founders Fund,Series C,2021-07-30,,CB Insights,2026-08-27
Neuralink,Fred Ehrsam,Series C,2021-07-30,,CB Insights,2026-08-27
Neuralink,GV,Series C,2021-07-30,,CB Insights,2026-08-27
Neuralink,Gigafund,Series C,2021-07-30,,CB Insights,2026-08-27
Neuralink,Ken Howery,Series C,2021-07-30,,CB Insights,2026-08-27
Neuralink,Robert Nelsen,Series C,2021-07-30,,CB Insights,2026-08-27
Neuralink,Sam Altman,Series C,2021-07-30,,CB Insights,2026-08-27
Neuralink,Type One Ventures,Series C,2021-07-30,,CB Insights,2026-08-27
Neuralink,Valor Equity Partners,Series C,2021-07-30,,CB Insights,2026-08-27
Neuralink,Dreamers VC,Unattributed VC - II,2019-07-26,,CB Insights,2026-08-27
Neuralink,Craft Ventures,Unattributed VC,2019-01-01,,CB Insights,2026-08-27
Neuralink,Elon Musk,Series A,2017-08-25,,CB Insights,2026-08-27
Neuralink,1802 Ventures,Other Investors,,,CB Insights,2026-08-27
Neuralink,AnKord Labs,Other Investors,,,CB Insights,2026-08-27
Neuralink,Beyond Capital,Other Investors,,,CB Insights,2026-08-27
Neuralink,Blanck Capital,Other Investors,,,CB Insights,2026-08-27
Neuralink,Bloom Advance Capital,Other Investors,,,CB Insights,2026-08-27
Neuralink,Bridgespan VC,Other Investors,,,CB Insights,2026-08-27
Neuralink,Byers Capital,Other Investors,,,CB Insights,2026-08-27
Neuralink,Calm Ventures,Other Investors,,,CB Insights,2026-08-27
Neuralink,ExitFund,Other Investors,,,CB Insights,2026-08-27
Neuralink,Goanna Capital,Other Investors,,,CB Insights,2026-08-27
Neuralink,HOF Capital,Other Investors,,,CB Insights,2026-08-27
Neuralink,Humla Ventures,Other Investors,,,CB Insights,2026-08-27
Neuralink,K2 Global,Other Investors,,,CB Insights,2026-08-27
Neuralink,LDV Partners,Other Investors,,,CB Insights,2026-08-27
Neuralink,Moonshots Capital,Other Investors,,,CB Insights,2026-08-27
Neuralink,Neman Ventures,Other Investors,,,CB Insights,2026-08-27
Neuralink,Oak Grove Ventures,Other Investors,,,CB Insights,2026-08-27
Neuralink,Page One Ventures,Other Investors,,,CB Insights,2026-08-27
Neuralink,Partners Resolute,Other Investors,,,CB Insights,2026-08-27
Neuralink,Realm Capital Ventures,Other Investors,,,CB Insights,2026-08-27
Neuralink,Section 32,Other Investors,,,CB Insights,2026-08-27
Neuralink,Selective VC,Other Investors,,,CB Insights,2026-08-27
Neuralink,Shake and Bake Productions,Other Investors,,,CB Insights,2026-08-27
Neuralink,Talok Capital,Other Investors,,,CB Insights,2026-08-27
Neuralink,Time BioVentures,Other Investors,,,CB Insights,2026-08-27
Neuralink,Transform Investments,Other Investors,,,CB Insights,2026-08-27
Neuralink,Unmatched Ventures,Other Investors,,,CB Insights,2026-08-27
Neuralink,X&Management,Other Investors,,,CB Insights,2026-08-27
